id,name,localized_name,primary_attr,attack_type,roles,img,icon,base_health,base_health_regen,base_mana,base_mana_regen,base_armor,base_mr,base_attack_min,base_attack_max,base_str,base_agi,base_int,str_gain,agi_gain,int_gain,attack_range,projectile_speed,attack_rate,base_attack_time,attack_point,move_speed,turn_rate,cm_enabled,legs,day_vision,night_vision,1_pick,1_win,2_pick,2_win,3_pick,3_win,4_pick,4_win,5_pick,5_win,6_pick,6_win,7_pick,7_win,8_pick,8_win,turbo_picks,turbo_picks_trend,turbo_wins,turbo_wins_trend,pro_pick,pro_win,pro_ban,pub_pick,pub_pick_trend,pub_win,pub_win_trend
1,npc_dota_hero_antimage,Anti-Mage,agi,Melee,"Carry,Escape,Nuker",/apps/dota2/images/dota_react/heroes/antimage.png?,/apps/dota2/images/dota_react/heroes/icons/antimage.png?,120,1.0,75,0.0,1,25,29,33,21,24,12,1.6,2.8,1.8,150,0,1.4,100,0.3,310,,True,2,1800,800,21646,11067,64034,32765,82601,42332,82383,41910,62782,31709,39193,19723,23343,11586,11395,5621,150220,"[22243, 23002, 23423, 25984, 25659, 21078, 8831]",77834,"[11484, 11862, 12137, 13557, 13380, 10912, 4502]",142,68,407,419978,"[61145, 61845, 64238, 71536, 73240, 60786, 27188]",213066,"[31027, 31129, 32633, 36218, 37163, 31040, 13856]"
2,npc_dota_hero_axe,Axe,str,Melee,"Initiator,Durable,Disabler,Carry",/apps/dota2/images/dota_react/heroes/axe.png?,/apps/dota2/images/dota_react/heroes/icons/axe.png?,120,2.5,75,0.0,0,25,31,35,25,20,18,2.8,1.7,1.6,150,900,1.7,100,0.4,315,,True,2,1800,800,26972,14379,76529,40101,97019,49965,96614,49507,74395,37648,46326,23328,27334,13686,12198,6196,163580,"[23316, 23820, 25139, 28651, 28931, 23634, 10089]",84710,"[12066, 12278, 13102, 14916, 14865, 12362, 5121]",309,141,326,494599,"[71869, 72539, 74682, 84939, 87202, 71505, 31863]",254311,"[36661, 36852, 38611, 43806, 45129, 36912, 16340]"
3,npc_dota_hero_bane,Bane,all,Ranged,"Support,Disabler,Nuker,Durable",/apps/dota2/images/dota_react/heroes/bane.png?,/apps/dota2/images/dota_react/heroes/icons/bane.png?,120,0.25,75,0.0,1,25,24,30,23,23,23,2.7,2.7,2.7,400,900,1.7,100,0.3,305,,True,4,1800,1200,3938,1823,9526,4614,11766,5697,11481,5604,9371,4760,6279,3209,4377,2203,2747,1469,31444,"[4554, 4764, 4961, 5442, 5409, 4447, 1867]",14685,"[2111, 2232, 2310, 2560, 2541, 2052, 879]",109,50,47,66947,"[9939, 9595, 10096, 11691, 11767, 9676, 4183]",32969,"[4795, 4717, 4976, 5775, 5750, 4905, 2051]"
4,npc_dota_hero_bloodseeker,Bloodseeker,agi,Melee,"Carry,Disabler,Nuker,Initiator",/apps/dota2/images/dota_react/heroes/bloodseeker.png?,/apps/dota2/images/dota_react/heroes/icons/bloodseeker.png?,120,0.25,75,0.0,2,25,35,41,24,24,17,2.7,3.1,2.0,150,900,1.7,100,0.43,285,,True,2,1800,800,12385,6299,22902,11862,22844,11756,19796,10369,13401,6892,7849,4035,4582,2386,1913,980,64046,"[9532, 9498, 9878, 11100, 11204, 9098, 3736]",31561,"[4672, 4702, 4892, 5386, 5492, 4546, 1871]",75,30,88,126469,"[17867, 18516, 18942, 21692, 22528, 18453, 8471]",65011,"[9159, 9459, 9810, 11311, 11484, 9500, 4288]"
5,npc_dota_hero_crystal_maiden,Crystal Maiden,int,Ranged,"Support,Disabler,Nuker",/apps/dota2/images/dota_react/heroes/crystal_maiden.png?,/apps/dota2/images/dota_react/heroes/icons/crystal_maiden.png?,120,0.25,75,0.0,0,25,30,36,17,16,18,2.2,1.8,3.3,600,900,1.7,100,0.45,280,,True,2,1800,800,22122,11464,54535,27672,63961,31579,60976,29981,47173,23175,29912,14650,19115,9400,9808,4862,141626,"[20317, 20262, 21663, 25012, 25396, 20652, 8324]",71135,"[10122, 10211, 10917, 12447, 12786, 10427, 4225]",241,117,38,336251,"[47304, 48117, 50968, 58690, 60085, 49096, 21991]",167445,"[23459, 23928, 25345, 29155, 30063, 24500, 10995]"
6,npc_dota_hero_drow_ranger,Drow Ranger,agi,Ranged,"Carry,Disabler,Pusher",/apps/dota2/images/dota_react/heroes/drow_ranger.png?,/apps/dota2/images/dota_react/heroes/icons/drow_ranger.png?,120,0.25,75,0.0,0,25,29,36,16,22,15,1.9,2.9,1.4,625,1250,1.7,100,0.5,310,0.7,True,2,1800,800,26447,12893,61253,30446,73569,36861,73364,37334,56600,28807,35053,17999,20624,10470,8892,4447,227159,"[32963, 33235, 36150, 38684, 40130, 32159, 13838]",120748,"[17536, 17564, 19233, 20509, 21435, 17164, 7307]",215,106,267,394045,"[56416, 57063, 59873, 68412, 69688, 56541, 26052]",198133,"[28314, 28647, 30266, 34326, 35070, 28389, 13121]"
7,npc_dota_hero_earthshaker,Earthshaker,str,Melee,"Support,Initiator,Disabler,Nuker",/apps/dota2/images/dota_react/heroes/earthshaker.png?,/apps/dota2/images/dota_react/heroes/icons/earthshaker.png?,120,1.0,75,0.0,2,25,27,37,22,12,18,3.7,1.4,2.1,150,0,1.7,100,0.467,315,0.9,True,2,1800,800,25821,12575,66073,32022,85097,41920,91067,45344,76541,38683,52937,27157,34291,17719,18644,9657,208160,"[30417, 30619, 32346, 36085, 36173, 30053, 12467]",100034,"[14613, 14747, 15517, 17360, 17273, 14402, 6122]",326,152,248,490894,"[70439, 71175, 74204, 83902, 85896, 72210, 33068]",244976,"[34918, 35211, 37409, 41672, 42801, 36229, 16736]"
8,npc_dota_hero_juggernaut,Juggernaut,agi,Melee,"Carry,Pusher,Escape",/apps/dota2/images/dota_react/heroes/juggernaut.png?,/apps/dota2/images/dota_react/heroes/icons/juggernaut.png?,120,0.5,75,0.0,0,25,22,24,20,34,14,2.0,2.8,1.4,150,0,1.4,110,0.33,300,,True,2,1800,800,28089,14610,75606,39893,97796,52249,97994,52437,74471,39871,45582,24469,25369,13457,9785,5042,226990,"[32466, 32911, 34724, 41311, 39444, 32131, 14003]",120668,"[17125, 17395, 18388, 22111, 21028, 17177, 7444]",243,136,126,496942,"[70905, 71271, 74825, 86123, 87746, 72103, 33969]",263832,"[37236, 37413, 40011, 45733, 46811, 38556, 18072]"
9,npc_dota_hero_mirana,Mirana,agi,Ranged,"Carry,Support,Escape,Nuker,Disabler",/apps/dota2/images/dota_react/heroes/mirana.png?,/apps/dota2/images/dota_react/heroes/icons/mirana.png?,120,0.25,75,0.4,-2,25,22,28,20,26,22,2.2,3.1,1.9,630,900,1.7,100,0.35,285,,True,2,1800,800,9157,4699,27006,13760,34939,17748,36134,18610,27645,14149,17954,9279,11517,5861,5797,2948,76288,"[10869, 10836, 11462, 13532, 13821, 10787, 4981]",39658,"[5608, 5652, 5950, 7032, 7176, 5633, 2607]",112,59,37,185884,"[26897, 26905, 27593, 32392, 32326, 26748, 13023]",95153,"[13794, 13773, 14107, 16624, 16485, 13732, 6638]"
10,npc_dota_hero_morphling,Morphling,agi,Ranged,"Carry,Escape,Durable,Nuker,Disabler",/apps/dota2/images/dota_react/heroes/morphling.png?,/apps/dota2/images/dota_react/heroes/icons/morphling.png?,120,0.5,75,0.5,-2,25,12,21,23,24,19,3.2,3.9,1.8,350,1300,1.5,100,0.5,285,0.7,True,0,1800,800,10890,5254,32066,15705,45317,22326,51257,25454,46777,23709,35165,17916,25815,13282,18051,9458,107138,"[15282, 15706, 17049, 18493, 18594, 15516, 6498]",51991,"[7501, 7609, 8239, 9009, 8986, 7504, 3143]",268,125,499,280919,"[39149, 40436, 43274, 48465, 49290, 41699, 18606]",140779,"[19428, 20195, 21732, 24392, 24804, 20806, 9422]"
11,npc_dota_hero_nevermore,Shadow Fiend,agi,Ranged,"Carry,Nuker",/apps/dota2/images/dota_react/heroes/nevermore.png?,/apps/dota2/images/dota_react/heroes/icons/nevermore.png?,120,0.25,75,0.3,1,25,16,22,19,25,18,2.7,3.5,2.2,525,1200,1.6,100,0.5,305,0.9,True,0,1800,800,22021,10749,54102,26467,64134,31130,60364,29287,46891,22757,29298,14303,17152,8403,8800,4248,203422,"[31016, 31475, 32564, 34925, 34216, 28428, 10798]",97077,"[14845, 15126, 15675, 16579, 16214, 13453, 5185]",228,117,168,335642,"[50456, 50339, 51879, 57339, 57598, 48373, 19658]",162990,"[24469, 24408, 25408, 27744, 28083, 23365, 9513]"
12,npc_dota_hero_phantom_lancer,Phantom Lancer,agi,Melee,"Carry,Escape,Pusher,Nuker",/apps/dota2/images/dota_react/heroes/phantom_lancer.png?,/apps/dota2/images/dota_react/heroes/icons/phantom_lancer.png?,120,1.5,75,0.0,0,25,26,36,21,26,21,2.2,2.8,1.8,225,900,1.7,110,0.5,285,,True,2,1800,800,12128,6180,25863,12735,24387,11718,19071,8996,11631,5350,6237,2927,3194,1553,1391,635,74275,"[11086, 11102, 11697, 12775, 12743, 10475, 4397]",38836,"[5768, 5741, 6139, 6684, 6693, 5489, 2322]",60,31,82,120641,"[17369, 17500, 18510, 20980, 21198, 17254, 7830]",58594,"[8345, 8494, 8965, 10229, 10288, 8511, 3762]"
13,npc_dota_hero_puck,Puck,int,Ranged,"Initiator,Disabler,Escape,Nuker",/apps/dota2/images/dota_react/heroes/puck.png?,/apps/dota2/images/dota_react/heroes/icons/puck.png?,120,0.5,75,0.5,0,25,22,30,17,14,23,2.4,2.5,3.8,550,900,1.7,100,0.5,290,0.9,True,2,1800,800,7290,3393,22534,10657,35657,17260,43392,21356,41597,20693,31052,15567,21909,10914,13520,6924,74428,"[11148, 12441, 11447, 12784, 12298, 10152, 4158]",35413,"[5228, 5901, 5384, 6102, 5922, 4861, 2015]",302,143,765,230408,"[34299, 34482, 35209, 39299, 39306, 32983, 14830]",113219,"[16748, 16929, 17468, 19322, 19248, 16202, 7302]"
14,npc_dota_hero_pudge,Pudge,str,Melee,"Disabler,Initiator,Durable,Nuker",/apps/dota2/images/dota_react/heroes/pudge.png?,/apps/dota2/images/dota_react/heroes/icons/pudge.png?,120,2.5,75,0.0,0,25,45,51,25,11,16,3.0,1.4,1.8,175,0,1.7,100,0.5,280,0.7,True,2,1800,800,44137,22901,126588,64546,157455,79300,154224,77303,123146,61013,84314,41585,57752,28550,31972,15857,490088,"[71558, 72077, 75929, 84314, 85755, 70424, 30031]",248060,"[36293, 36393, 38561, 42566, 43328, 35760, 15159]",406,193,280,840281,"[122569, 123779, 127569, 144091, 146428, 120639, 55206]",422690,"[60963, 61800, 64220, 72496, 73736, 61335, 28140]"
15,npc_dota_hero_razor,Razor,agi,Ranged,"Carry,Durable,Nuker,Pusher",/apps/dota2/images/dota_react/heroes/razor.png?,/apps/dota2/images/dota_react/heroes/icons/razor.png?,120,1.0,75,0.0,0,25,23,25,22,24,21,2.8,2.8,2.2,475,2000,1.7,100,0.3,280,,True,0,1800,800,14710,7475,32012,16296,37504,18890,37224,18638,29387,14732,19062,9420,11398,5522,5730,2736,92594,"[12964, 12961, 14030, 15953, 17173, 13728, 5785]",47657,"[6541, 6693, 7281, 8287, 8813, 7036, 3006]",198,96,139,208974,"[27816, 28483, 30439, 36734, 39253, 31567, 14682]",104992,"[13940, 14199, 15294, 18558, 19797, 15917, 7287]"
16,npc_dota_hero_sand_king,Sand King,all,Melee,"Initiator,Disabler,Support,Nuker,Escape",/apps/dota2/images/dota_react/heroes/sand_king.png?,/apps/dota2/images/dota_react/heroes/icons/sand_king.png?,120,0.25,75,0.0,1,25,19,29,22,19,17,2.3,2.0,2.0,150,900,1.7,110,0.53,290,,True,6,1800,800,8488,4356,21005,10558,26495,13014,26812,12995,22303,10584,15064,7088,9477,4454,4754,2248,69585,"[9348, 9507, 10246, 11882, 12615, 11678, 4309]",35947,"[4783, 4811, 5268, 6191, 6504, 6163, 2227]",201,99,126,149125,"[19344, 20429, 22033, 25856, 27663, 23338, 10462]",72759,"[9456, 9867, 10679, 12652, 13545, 11428, 5132]"
17,npc_dota_hero_storm_spirit,Storm Spirit,int,Ranged,"Carry,Escape,Nuker,Initiator,Disabler",/apps/dota2/images/dota_react/heroes/storm_spirit.png?,/apps/dota2/images/dota_react/heroes/icons/storm_spirit.png?,120,0.5,75,0.0,1,25,24,34,21,22,23,2.0,2.6,3.9,480,1100,1.6,115,0.5,285,0.8,True,2,1800,800,11227,5331,30268,14554,42311,20671,46683,22611,40621,19951,28782,14092,19140,9468,10560,5149,100166,"[14816, 15038, 15705, 17449, 17471, 13906, 5781]",49574,"[7366, 7495, 7718, 8690, 8616, 6814, 2875]",287,140,466,246745,"[35712, 35844, 37711, 43267, 42788, 35090, 16333]",120170,"[17424, 17286, 18353, 21213, 20867, 17034, 7993]"
18,npc_dota_hero_sven,Sven,str,Melee,"Carry,Disabler,Initiator,Durable,Nuker",/apps/dota2/images/dota_react/heroes/sven.png?,/apps/dota2/images/dota_react/heroes/icons/sven.png?,120,0.75,75,0.0,0,25,37,39,23,18,16,3.5,2.2,1.5,150,0,1.9,110,0.4,325,,True,2,1800,800,12025,6004,30764,15168,38228,18926,38558,19096,32283,15771,22158,10700,14925,7227,8784,4377,75143,"[12359, 10426, 11093, 12746, 13167, 10771, 4581]",37911,"[6262, 5201, 5667, 6523, 6619, 5339, 2300]",238,111,84,217391,"[31111, 29886, 32269, 37162, 39030, 32702, 15231]",107157,"[15084, 14604, 16089, 18540, 19254, 16011, 7575]"
19,npc_dota_hero_tiny,Tiny,str,Melee,"Carry,Nuker,Pusher,Initiator,Durable,Disabler",/apps/dota2/images/dota_react/heroes/tiny.png?,/apps/dota2/images/dota_react/heroes/icons/tiny.png?,120,2.0,75,0.0,0,25,31,37,30,0,17,4.0,0.0,2.2,150,900,1.7,90,0.4,275,,True,2,1800,800,14301,6814,39289,18435,55493,25983,64946,30571,59849,28339,44376,20887,31974,15252,20285,9742,105010,"[17193, 16163, 15965, 17513, 17683, 14453, 6040]",47554,"[8008, 7497, 7197, 7832, 7881, 6468, 2671]",658,320,808,354015,"[56963, 56897, 52486, 57802, 58566, 49078, 22223]",167359,"[27389, 27361, 24644, 26975, 27591, 22929, 10470]"
20,npc_dota_hero_vengefulspirit,Vengeful Spirit,agi,Ranged,"Support,Initiator,Disabler,Nuker,Escape",/apps/dota2/images/dota_react/heroes/vengefulspirit.png?,/apps/dota2/images/dota_react/heroes/icons/vengefulspirit.png?,120,0.25,75,0.0,0,25,26,32,20,21,19,2.6,3.2,1.5,400,1500,1.7,110,0.33,295,,True,2,1800,800,9595,4956,27859,14656,38339,20310,41351,22031,33677,17794,21538,11400,12680,6789,5388,2843,84345,"[12045, 12181, 12903, 14740, 15217, 12131, 5128]",46658,"[6610, 6752, 7088, 8187, 8521, 6712, 2788]",202,102,43,206660,"[29267, 29113, 30947, 36347, 36894, 30426, 13666]",109146,"[15461, 15365, 16354, 19204, 19603, 16015, 7144]"
21,npc_dota_hero_windrunner,Windranger,all,Ranged,"Carry,Support,Disabler,Escape,Nuker",/apps/dota2/images/dota_react/heroes/windrunner.png?,/apps/dota2/images/dota_react/heroes/icons/windrunner.png?,120,0.25,75,0.25,0,25,21,33,18,17,18,2.6,1.7,3.2,600,1250,1.5,90,0.4,290,0.8,True,2,1800,800,18881,9155,46408,22087,59532,27813,62185,29036,53085,25053,36720,17202,23787,11126,13520,6408,149683,"[19977, 20266, 22992, 26479, 28094, 22420, 9455]",72235,"[9495, 9622, 11067, 12989, 13592, 10910, 4560]",373,179,231,342488,"[41590, 43727, 52844, 61029, 65038, 54155, 24105]",161665,"[19048, 20386, 25101, 28999, 30931, 25764, 11436]"
22,npc_dota_hero_zuus,Zeus,int,Ranged,"Nuker,Carry",/apps/dota2/images/dota_react/heroes/zuus.png?,/apps/dota2/images/dota_react/heroes/icons/zuus.png?,120,0.25,75,0.0,2,25,33,41,19,11,22,2.1,1.2,3.3,380,1100,1.7,100,0.35,315,,True,2,1800,800,24080,11983,64277,32746,84544,42790,87841,44208,72041,36133,47240,23648,31103,15523,17205,8586,225911,"[32794, 32740, 34430, 38863, 39912, 32888, 14284]",112708,"[16315, 16285, 17254, 19316, 20013, 16476, 7049]",389,195,240,464507,"[66747, 67263, 69415, 79514, 82081, 67796, 31691]",233459,"[33601, 33776, 34850, 40029, 41344, 34053, 15806]"
23,npc_dota_hero_kunkka,Kunkka,str,Melee,"Carry,Support,Disabler,Initiator,Durable,Nuker",/apps/dota2/images/dota_react/heroes/kunkka.png?,/apps/dota2/images/dota_react/heroes/icons/kunkka.png?,120,0.75,75,0.0,2,25,30,36,24,14,18,3.6,1.6,1.8,150,900,1.7,100,0.4,315,,True,2,1800,800,6767,3267,16649,7842,21819,10525,22764,11062,19062,9388,12342,6044,7227,3543,3463,1636,48491,"[6414, 6317, 7930, 8785, 8928, 7194, 2923]",22542,"[3013, 2976, 3723, 4040, 4120, 3324, 1346]",109,68,41,122113,"[13849, 14717, 19681, 22521, 23321, 19333, 8691]",59279,"[6524, 7015, 9574, 11022, 11400, 9508, 4236]"
25,npc_dota_hero_lina,Lina,int,Ranged,"Support,Carry,Nuker,Disabler",/apps/dota2/images/dota_react/heroes/lina.png?,/apps/dota2/images/dota_react/heroes/icons/lina.png?,120,0.25,75,0.0,0,25,21,29,20,23,30,2.4,2.4,3.8,670,1000,1.6,100,0.65,290,,True,2,1800,800,19547,8603,39091,17308,44526,19634,40845,18237,28776,12876,16736,7342,8572,3801,3419,1492,116295,"[17167, 17246, 18015, 20174, 20496, 16503, 6694]",51684,"[7526, 7615, 8041, 9029, 9162, 7351, 2960]",229,118,192,230636,"[32616, 32914, 34873, 40054, 41061, 33785, 15333]",102420,"[14483, 14508, 15618, 17829, 18092, 15051, 6839]"
26,npc_dota_hero_lion,Lion,int,Ranged,"Support,Disabler,Nuker,Initiator",/apps/dota2/images/dota_react/heroes/lion.png?,/apps/dota2/images/dota_react/heroes/icons/lion.png?,120,0.5,75,0.0,0,25,29,35,18,15,19,2.4,1.7,3.5,600,900,1.7,115,0.43,290,,True,2,1800,800,38763,19306,113921,56119,148247,73268,151990,75058,118636,58684,74656,36822,44266,22120,19894,9984,329524,"[47746, 48141, 50726, 56902, 58128, 47594, 20287]",160634,"[23279, 23543, 24803, 27762, 28283, 23137, 9827]",510,237,167,762042,"[110308, 111260, 115291, 130447, 133469, 111583, 49684]",377310,"[54241, 55141, 57389, 64688, 66056, 55150, 24645]"
27,npc_dota_hero_shadow_shaman,Shadow Shaman,int,Ranged,"Support,Pusher,Disabler,Nuker,Initiator",/apps/dota2/images/dota_react/heroes/shadow_shaman.png?,/apps/dota2/images/dota_react/heroes/icons/shadow_shaman.png?,120,1.0,75,0.0,3,25,40,47,20,16,25,2.3,1.6,3.5,400,900,1.7,100,0.3,285,,True,2,1800,800,27745,14492,74327,38834,93226,48796,93478,49084,73464,38606,48084,25152,30620,16228,16684,8749,147523,"[21209, 21581, 22919, 25629, 26141, 21319, 8725]",76023,"[10852, 11135, 11734, 13208, 13546, 11022, 4526]",587,298,316,492222,"[71253, 71792, 74420, 84413, 86396, 71626, 32322]",258005,"[37284, 37398, 39228, 44154, 45401, 37614, 16926]"
28,npc_dota_hero_slardar,Slardar,str,Melee,"Carry,Durable,Initiator,Disabler,Escape",/apps/dota2/images/dota_react/heroes/slardar.png?,/apps/dota2/images/dota_react/heroes/icons/slardar.png?,120,0.5,75,0.0,3,25,30,38,21,17,15,3.6,2.1,1.5,150,0,1.7,100,0.36,300,,True,0,1800,800,13467,6879,34413,17538,41273,20832,40895,20758,33690,17275,22073,11451,14155,7215,7312,3639,73995,"[10564, 10810, 11395, 12697, 13181, 10771, 4577]",39086,"[5555, 5685, 5974, 6701, 7009, 5716, 2446]",264,132,155,228657,"[32758, 32902, 34909, 39016, 40359, 33360, 15353]",116711,"[16634, 16957, 17771, 19833, 20659, 16995, 7862]"
29,npc_dota_hero_tidehunter,Tidehunter,str,Melee,"Initiator,Durable,Disabler,Nuker,Carry",/apps/dota2/images/dota_react/heroes/tidehunter.png?,/apps/dota2/images/dota_react/heroes/icons/tidehunter.png?,120,0.25,75,0.5,0,25,25,31,27,15,20,3.6,1.5,1.7,150,900,1.7,100,0.6,300,,True,2,1800,800,13983,7138,44538,23194,67005,34985,76494,39976,66062,34286,46673,24202,31650,16566,16964,8623,97902,"[14747, 14483, 15080, 17241, 17001, 13356, 5994]",52138,"[7929, 7764, 8049, 9181, 9011, 7044, 3160]",562,292,772,383981,"[57722, 57370, 57279, 66509, 66401, 53661, 25039]",199313,"[30225, 29983, 29667, 34561, 34383, 27557, 12937]"
30,npc_dota_hero_witch_doctor,Witch Doctor,int,Ranged,"Support,Nuker,Disabler",/apps/dota2/images/dota_react/heroes/witch_doctor.png?,/apps/dota2/images/dota_react/heroes/icons/witch_doctor.png?,120,0.25,75,0.0,0,25,26,36,20,13,22,2.1,1.4,3.1,550,1200,1.7,100,0.4,300,,True,2,1800,800,29657,15997,89320,47869,116640,61777,115933,60900,86497,44743,51921,26157,28679,14419,10784,5346,227000,"[32575, 32851, 34774, 39544, 40119, 33336, 13801]",121609,"[17215, 17384, 18648, 21142, 21806, 18002, 7412]",302,147,176,565452,"[81087, 82177, 85214, 97134, 100444, 83069, 36327]",296151,"[42063, 42674, 44526, 51345, 52833, 43513, 19197]"
31,npc_dota_hero_lich,Lich,int,Ranged,"Support,Nuker",/apps/dota2/images/dota_react/heroes/lich.png?,/apps/dota2/images/dota_react/heroes/icons/lich.png?,120,0.5,75,0.75,-1,25,24,33,20,17,26,2.1,2.0,3.8,550,900,1.7,100,0.46,290,0.7,True,2,1800,800,15284,7921,40313,21077,53929,27768,56946,29245,45448,23211,28241,14151,15910,7827,5977,2904,92018,"[13179, 13354, 14040, 16436, 16545, 13155, 5309]",48541,"[6950, 7092, 7390, 8695, 8707, 6901, 2806]",262,126,95,282197,"[40685, 40606, 42521, 49451, 50531, 40686, 17717]",144603,"[20829, 20822, 21932, 25272, 26004, 20683, 9061]"
32,npc_dota_hero_riki,Riki,agi,Melee,"Carry,Escape,Disabler",/apps/dota2/images/dota_react/heroes/riki.png?,/apps/dota2/images/dota_react/heroes/icons/riki.png?,120,2.5,75,0.0,0,25,22,26,18,30,14,2.0,2.4,1.3,150,900,1.7,90,0.3,315,,True,2,1800,800,16403,8250,36527,18411,41180,20568,39222,19618,29937,14902,19740,9784,12470,6163,6723,3259,114633,"[17052, 17023, 17587, 19496, 20009, 16597, 6869]",57144,"[8519, 8554, 8785, 9702, 9928, 8283, 3373]",159,74,192,226617,"[33167, 33130, 33772, 38820, 39995, 33006, 14727]",113358,"[16748, 16696, 16886, 19482, 19817, 16412, 7317]"
33,npc_dota_hero_enigma,Enigma,all,Ranged,"Disabler,Initiator,Pusher",/apps/dota2/images/dota_react/heroes/enigma.png?,/apps/dota2/images/dota_react/heroes/icons/enigma.png?,120,0.25,75,0.5,1,25,19,25,21,14,19,2.5,1.0,3.6,500,900,1.7,100,0.4,280,,True,0,1800,800,6178,3030,16440,8177,19666,9745,17857,8862,12953,6444,7825,3997,4412,2280,2400,1229,75524,"[11160, 11451, 11781, 13229, 13231, 10565, 4107]",37945,"[5538, 5843, 5859, 6566, 6718, 5324, 2097]",101,53,167,98883,"[14494, 14733, 15420, 17013, 17236, 14218, 5769]",49159,"[7090, 7235, 7740, 8587, 8495, 7127, 2885]"
34,npc_dota_hero_tinker,Tinker,int,Ranged,"Carry,Nuker,Pusher",/apps/dota2/images/dota_react/heroes/tinker.png?,/apps/dota2/images/dota_react/heroes/icons/tinker.png?,120,0.25,75,0.5,4,25,22,28,19,17,30,2.3,1.4,3.3,500,900,1.7,100,0.35,310,,True,2,1800,800,10803,5145,35659,17279,48659,24229,53496,26965,48423,24432,35989,18446,25803,13407,16152,8491,115852,"[18891, 18595, 18777, 19234, 18924, 15267, 6164]",54974,"[9017, 8918, 8983, 8983, 8998, 7118, 2957]",286,154,1111,292307,"[46861, 46499, 44041, 48555, 48806, 40016, 17529]",146637,"[23538, 23434, 22162, 24354, 24531, 19951, 8667]"
35,npc_dota_hero_sniper,Sniper,agi,Ranged,"Carry,Nuker",/apps/dota2/images/dota_react/heroes/sniper.png?,/apps/dota2/images/dota_react/heroes/icons/sniper.png?,120,0.25,75,0.0,-1,25,13,19,19,27,15,2.0,3.2,2.6,550,3000,1.7,100,0.17,285,0.7,True,2,1800,1400,41501,20304,104581,51454,129742,64044,126611,62525,92119,45333,53998,26431,30127,14470,14129,6967,365116,"[52280, 52828, 56364, 62938, 64612, 53210, 22884]",180590,"[25579, 26239, 27762, 30911, 32276, 26425, 11398]",400,185,599,654013,"[92953, 94179, 98175, 112629, 115643, 95990, 44444]",321624,"[45585, 46250, 48371, 55416, 56939, 47172, 21891]"
36,npc_dota_hero_necrolyte,Necrophos,int,Ranged,"Carry,Nuker,Durable,Disabler",/apps/dota2/images/dota_react/heroes/necrolyte.png?,/apps/dota2/images/dota_react/heroes/icons/necrolyte.png?,120,0.25,75,0.0,2,25,26,30,18,12,23,2.3,1.3,2.7,500,1200,1.7,100,0.3,280,,True,2,1800,800,23185,12589,65482,34515,81727,42581,80935,41796,61884,31804,37852,19054,21805,10662,9147,4460,154771,"[22281, 22611, 23299, 26632, 27061, 22847, 10040]",80692,"[11664, 11685, 12191, 14035, 14111, 11833, 5173]",166,80,219,412135,"[58514, 59374, 61810, 71123, 72331, 60616, 28367]",213618,"[30165, 30643, 32113, 36960, 37759, 31306, 14672]"
37,npc_dota_hero_warlock,Warlock,int,Ranged,"Support,Initiator,Disabler",/apps/dota2/images/dota_react/heroes/warlock.png?,/apps/dota2/images/dota_react/heroes/icons/warlock.png?,120,0.25,75,0.0,1,25,27,37,22,10,25,2.4,1.0,3.1,600,1200,1.7,90,0.3,300,,True,2,1800,800,13835,7588,42219,22845,57219,30500,57647,29819,45574,23325,29784,14979,19111,9531,11490,5548,99038,"[14073, 14084, 15185, 17602, 17698, 14106, 6290]",55114,"[7769, 7814, 8457, 9854, 9895, 7849, 3476]",420,218,374,295057,"[41800, 42500, 44069, 51549, 52699, 42824, 19616]",153703,"[21798, 21913, 23174, 26912, 27437, 22269, 10200]"
38,npc_dota_hero_beastmaster,Beastmaster,all,Melee,"Initiator,Disabler,Durable,Nuker",/apps/dota2/images/dota_react/heroes/beastmaster.png?,/apps/dota2/images/dota_react/heroes/icons/beastmaster.png?,120,0.25,75,0.0,-1,25,28,32,25,22,16,2.9,1.9,1.9,150,0,1.7,100,0.3,305,,True,2,1800,800,4568,2098,13724,6351,19501,9289,21225,10129,19305,9272,14814,7019,11386,5475,8525,4224,30849,"[3977, 4342, 5012, 5531, 5497, 4613, 1877]",13840,"[1785, 1966, 2229, 2505, 2458, 2048, 849]",297,153,486,121484,"[15288, 15825, 20044, 21454, 22356, 18616, 7901]",57830,"[7230, 7453, 9673, 10287, 10585, 8899, 3703]"
39,npc_dota_hero_queenofpain,Queen of Pain,int,Ranged,"Carry,Nuker,Escape",/apps/dota2/images/dota_react/heroes/queenofpain.png?,/apps/dota2/images/dota_react/heroes/icons/queenofpain.png?,120,0.25,75,0.0,0,25,26,32,20,22,25,2.4,2.5,3.4,550,1500,1.5,100,0.56,290,,True,2,1800,800,16236,7791,50434,24632,76020,37289,87758,43138,77302,38169,53354,26670,35098,17623,19242,9532,155204,"[22728, 22727, 23828, 26887, 27111, 21937, 9986]",74594,"[11011, 10861, 11464, 12914, 13048, 10514, 4782]",421,201,665,441587,"[63835, 64059, 66467, 75992, 76303, 63757, 31174]",217838,"[31304, 31454, 32793, 37591, 37599, 31583, 15514]"
40,npc_dota_hero_venomancer,Venomancer,all,Ranged,"Support,Nuker,Initiator,Pusher,Disabler",/apps/dota2/images/dota_react/heroes/venomancer.png?,/apps/dota2/images/dota_react/heroes/icons/venomancer.png?,120,0.25,75,0.0,0,25,18,21,19,24,19,2.1,2.8,1.8,450,900,1.7,115,0.3,280,,True,0,1800,800,15220,7514,41633,20414,56231,27673,56600,27652,43961,21464,26499,12846,15013,7416,6908,3356,136507,"[20127, 19877, 20863, 23647, 24138, 19194, 8661]",65604,"[9605, 9578, 10042, 11365, 11517, 9297, 4200]",166,77,174,285150,"[42455, 41885, 42914, 49232, 49096, 40424, 19144]",139580,"[20567, 20356, 21084, 24317, 24135, 19803, 9318]"
41,npc_dota_hero_faceless_void,Faceless Void,agi,Melee,"Carry,Initiator,Disabler,Escape,Durable",/apps/dota2/images/dota_react/heroes/faceless_void.png?,/apps/dota2/images/dota_react/heroes/icons/faceless_void.png?,120,1.0,75,0.0,0,25,37,43,20,21,15,2.6,3.3,1.5,150,900,1.7,100,0.5,300,0.9,True,2,1800,800,12480,5887,35575,16898,47920,22974,49886,24337,40219,19808,26601,13196,15890,7993,8485,4220,120410,"[18863, 18950, 18639, 20342, 20077, 16348, 7191]",60732,"[9511, 9459, 9499, 10261, 10091, 8195, 3716]",155,88,168,261202,"[43258, 44054, 38873, 42409, 41963, 34416, 16229]",126921,"[21174, 21668, 18710, 20500, 20239, 16800, 7830]"
42,npc_dota_hero_skeleton_king,Wraith King,str,Melee,"Carry,Support,Durable,Disabler,Initiator",/apps/dota2/images/dota_react/heroes/skeleton_king.png?,/apps/dota2/images/dota_react/heroes/icons/skeleton_king.png?,120,0.5,75,0.0,1,25,38,40,22,16,18,2.8,1.7,1.6,150,0,1.7,100,0.56,315,,True,2,1800,800,22283,13027,64419,37286,82950,47446,81597,46238,61995,34285,37903,20876,21277,11527,9734,5266,146401,"[19372, 19935, 22723, 26655, 27258, 21269, 9189]",84386,"[11015, 11337, 13122, 15539, 15749, 12260, 5364]",268,139,89,413001,"[50960, 52381, 62927, 74730, 77521, 64583, 29899]",233203,"[28197, 29029, 35593, 42363, 44300, 36852, 16869]"
43,npc_dota_hero_death_prophet,Death Prophet,all,Ranged,"Carry,Pusher,Nuker,Disabler",/apps/dota2/images/dota_react/heroes/death_prophet.png?,/apps/dota2/images/dota_react/heroes/icons/death_prophet.png?,120,0.25,75,0.5,1,25,22,32,21,17,24,2.9,2.0,3.0,600,1000,1.7,100,0.5,290,0.8,True,2,1800,800,9053,4365,17594,8612,20737,10238,20545,10156,16098,7937,10876,5288,7782,3851,4079,1971,42540,"[6182, 6242, 6479, 7304, 7575, 6088, 2670]",20910,"[3050, 3073, 3219, 3561, 3691, 3015, 1301]",177,90,195,120174,"[17456, 17081, 18025, 21099, 21095, 17478, 7940]",58905,"[8513, 8366, 8805, 10376, 10405, 8597, 3843]"
44,npc_dota_hero_phantom_assassin,Phantom Assassin,agi,Melee,"Carry,Escape",/apps/dota2/images/dota_react/heroes/phantom_assassin.png?,/apps/dota2/images/dota_react/heroes/icons/phantom_assassin.png?,120,1.0,75,0.0,1,25,35,37,19,21,15,2.0,3.4,1.7,150,900,1.7,110,0.3,310,0.8,True,2,1800,800,39882,19045,101858,47888,126987,59054,126355,58347,99139,45056,63159,28395,39121,17447,20772,9156,312568,"[46431, 46519, 47981, 53979, 55045, 43841, 18772]",157230,"[23699, 23753, 24115, 26786, 27438, 22085, 9354]",561,268,760,673926,"[100546, 101448, 101048, 115483, 116738, 95623, 43040]",311531,"[47854, 48137, 46180, 52624, 53196, 43940, 19600]"
45,npc_dota_hero_pugna,Pugna,int,Ranged,"Nuker,Pusher",/apps/dota2/images/dota_react/heroes/pugna.png?,/apps/dota2/images/dota_react/heroes/icons/pugna.png?,120,0.25,75,0.5,0,25,21,28,19,21,26,2.0,1.3,5.2,630,900,1.7,100,0.5,330,,True,2,1800,800,8173,3675,18983,8917,22159,10578,21306,10461,16297,8111,10168,5071,6223,3127,3286,1698,56417,"[8060, 8217, 8570, 9738, 9947, 8286, 3599]",26177,"[3739, 3819, 3971, 4566, 4567, 3854, 1661]",168,92,81,118727,"[16778, 17040, 17901, 20509, 20870, 17660, 7969]",57372,"[8018, 8184, 8712, 9945, 10101, 8578, 3834]"
46,npc_dota_hero_templar_assassin,Templar Assassin,agi,Ranged,"Carry,Escape",/apps/dota2/images/dota_react/heroes/templar_assassin.png?,/apps/dota2/images/dota_react/heroes/icons/templar_assassin.png?,120,1.0,75,0.0,0,25,30,36,23,23,20,2.4,3.4,2.0,250,1000,1.6,100,0.3,310,0.7,True,2,1800,800,10016,4728,24320,11565,31423,15375,32090,15971,27709,13954,20207,10269,13907,7169,8772,4562,62257,"[6788, 6911, 10039, 11512, 12148, 10506, 4353]",29243,"[2910, 2982, 4809, 5651, 5780, 5026, 2085]",241,128,201,183556,"[14928, 15827, 27910, 34951, 37914, 36334, 15692]",90820,"[6548, 7088, 14026, 17624, 19174, 18368, 7992]"
47,npc_dota_hero_viper,Viper,agi,Ranged,"Carry,Durable,Initiator,Disabler",/apps/dota2/images/dota_react/heroes/viper.png?,/apps/dota2/images/dota_react/heroes/icons/viper.png?,120,0.25,75,0.0,-2,25,27,29,21,21,17,2.4,2.7,2.0,575,1200,1.7,120,0.33,275,,True,0,1800,800,21895,10477,42717,20421,45131,21662,39434,19056,26865,12990,15284,7403,8510,4077,3865,1865,135271,"[20026, 19934, 20483, 23468, 24150, 19356, 7854]",65454,"[9712, 9665, 9912, 11387, 11614, 9347, 3817]",178,83,356,235173,"[33105, 33325, 34512, 40952, 42554, 34874, 15851]",113308,"[15926, 15895, 16629, 19672, 20574, 16950, 7662]"
48,npc_dota_hero_luna,Luna,agi,Ranged,"Carry,Nuker,Pusher",/apps/dota2/images/dota_react/heroes/luna.png?,/apps/dota2/images/dota_react/heroes/icons/luna.png?,120,0.5,75,0.0,2,25,26,32,21,24,23,2.2,3.4,1.9,330,900,1.7,100,0.35,325,,True,2,1800,800,10078,4995,21503,10719,23766,11416,21367,10074,15510,7435,9281,4459,5322,2545,2612,1207,64782,"[9139, 9263, 9935, 11406, 11592, 9344, 4103]",32120,"[4474, 4563, 4956, 5625, 5724, 4678, 2100]",105,54,19,126373,"[17762, 18177, 18957, 21823, 22363, 18477, 8814]",61251,"[8535, 8783, 9228, 10581, 10861, 8956, 4307]"
49,npc_dota_hero_dragon_knight,Dragon Knight,str,Melee,"Carry,Pusher,Durable,Disabler,Initiator,Nuker",/apps/dota2/images/dota_react/heroes/dragon_knight.png?,/apps/dota2/images/dota_react/heroes/icons/dragon_knight.png?,120,0.25,75,0.0,0,25,34,40,21,16,18,3.6,2.0,1.7,150,900,1.6,100,0.5,315,,True,2,1800,800,15983,8114,44035,22195,56597,28493,58499,29094,45848,23054,30373,15144,19178,9724,10755,5381,74477,"[10603, 10619, 11428, 13046, 13517, 10498, 4766]",37722,"[5385, 5425, 5781, 6595, 6910, 5225, 2401]",511,277,575,305910,"[43971, 44101, 45461, 52936, 54066, 43905, 21470]",153741,"[22076, 22226, 22754, 26650, 26974, 22095, 10966]"
50,npc_dota_hero_dazzle,Dazzle,all,Ranged,"Support,Nuker,Disabler",/apps/dota2/images/dota_react/heroes/dazzle.png?,/apps/dota2/images/dota_react/heroes/icons/dazzle.png?,120,0.25,75,0.3,0,25,19,25,18,20,25,2.3,1.7,3.7,575,1200,1.7,100,0.3,305,0.7,True,2,1800,800,14664,7338,43290,21767,57537,29259,59980,30582,48562,25132,32590,16842,20932,10713,11460,5935,86048,"[15401, 15694, 13577, 13555, 13315, 10322, 4184]",43615,"[8193, 8456, 6720, 6616, 6558, 5105, 1967]",258,129,979,308576,"[60573, 61253, 44747, 47448, 44773, 35053, 14729]",157398,"[32723, 32870, 22043, 23171, 22215, 17209, 7167]"
51,npc_dota_hero_rattletrap,Clockwerk,str,Melee,"Initiator,Disabler,Durable,Nuker",/apps/dota2/images/dota_react/heroes/rattletrap.png?,/apps/dota2/images/dota_react/heroes/icons/rattletrap.png?,120,0.5,75,0.0,1,25,24,26,26,13,18,3.2,2.3,1.7,150,900,1.7,100,0.33,310,,True,2,1800,800,5457,2813,18699,9640,28940,14778,34886,18001,32207,16631,23805,12411,16825,8721,9680,5176,68638,"[9996, 9983, 10393, 11933, 12347, 9847, 4139]",36773,"[5274, 5265, 5590, 6368, 6680, 5339, 2257]",317,151,199,182208,"[26509, 26404, 27381, 31480, 31729, 26406, 12299]",94327,"[13555, 13521, 14238, 16387, 16453, 13714, 6459]"
52,npc_dota_hero_leshrac,Leshrac,int,Ranged,"Carry,Support,Nuker,Pusher,Disabler",/apps/dota2/images/dota_react/heroes/leshrac.png?,/apps/dota2/images/dota_react/heroes/icons/leshrac.png?,120,0.25,75,0.0,1,25,27,31,20,17,22,2.8,2.5,3.5,575,900,1.7,100,0.4,325,,True,4,1800,800,4892,2462,13893,6784,20621,10092,24011,11973,22196,10960,17831,9022,13393,6819,8819,4663,50432,"[7482, 7362, 7797, 8753, 8987, 7046, 3005]",26455,"[3927, 3900, 4089, 4620, 4680, 3693, 1546]",241,119,358,134313,"[19899, 19752, 20073, 23112, 23638, 19096, 8743]",66984,"[9876, 9790, 9983, 11668, 11739, 9606, 4322]"
53,npc_dota_hero_furion,Nature's Prophet,all,Ranged,"Carry,Pusher,Escape,Nuker",/apps/dota2/images/dota_react/heroes/furion.png?,/apps/dota2/images/dota_react/heroes/icons/furion.png?,120,0.25,75,0.0,0,25,16,26,19,14,22,2.6,3.2,3.5,620,1125,1.5,100,0.4,295,0.9,True,2,1800,800,26407,12962,71756,33826,88117,41108,90241,42582,75382,35911,51237,24765,35232,17289,21581,10776,182124,"[27704, 27952, 28084, 30476, 30807, 25617, 11484]",85318,"[13352, 13340, 13091, 14135, 14085, 11979, 5336]",412,241,1233,495093,"[77134, 77822, 73883, 81665, 82448, 69182, 32959]",236504,"[37537, 37950, 34731, 39035, 38997, 32667, 15587]"
54,npc_dota_hero_life_stealer,Lifestealer,str,Melee,"Carry,Durable,Escape,Disabler",/apps/dota2/images/dota_react/heroes/life_stealer.png?,/apps/dota2/images/dota_react/heroes/icons/life_stealer.png?,120,0.25,75,0.0,1,25,16,22,25,19,15,2.4,1.9,1.8,150,900,1.7,100,0.39,315,0.9,True,2,1800,800,16061,8426,50534,26839,70465,37786,75762,40772,64081,34587,42930,23181,27690,14853,13468,7106,104947,"[16116, 15959, 16057, 18290, 18162, 14574, 5789]",53926,"[8495, 8244, 8220, 9412, 9240, 7442, 2873]",342,173,891,386280,"[60685, 60248, 57060, 64984, 65774, 53633, 23896]",206547,"[32977, 32575, 30388, 34474, 35046, 28441, 12646]"
55,npc_dota_hero_dark_seer,Dark Seer,int,Melee,"Initiator,Escape,Disabler",/apps/dota2/images/dota_react/heroes/dark_seer.png?,/apps/dota2/images/dota_react/heroes/icons/dark_seer.png?,120,1.0,75,0.0,2,25,33,39,20,19,21,2.6,1.8,2.7,150,900,1.7,100,0.59,295,,True,2,1800,800,4668,2417,13845,7167,19895,10348,23171,12091,21871,11341,17193,8855,13090,6719,8067,4098,57382,"[8448, 8563, 8808, 10101, 10001, 7944, 3517]",31912,"[4625, 4808, 4891, 5583, 5544, 4481, 1980]",261,147,322,129867,"[19136, 18742, 19935, 23423, 22502, 18107, 8022]",67298,"[9812, 9690, 10357, 12142, 11755, 9323, 4219]"
56,npc_dota_hero_clinkz,Clinkz,agi,Ranged,"Carry,Escape,Pusher",/apps/dota2/images/dota_react/heroes/clinkz.png?,/apps/dota2/images/dota_react/heroes/icons/clinkz.png?,120,0.25,75,0.0,0,25,19,25,17,25,21,2.0,2.7,2.2,600,900,1.7,100,0.4,290,,True,2,1800,800,15208,7826,27763,14224,26800,13515,22733,11431,17393,8700,11540,5820,7943,3976,4992,2480,102760,"[14911, 14962, 15825, 17405, 18402, 15028, 6227]",54046,"[7916, 7862, 8349, 9129, 9714, 7837, 3239]",115,51,59,154977,"[21779, 21930, 23550, 26257, 28558, 22938, 9965]",78617,"[11007, 10912, 12083, 13393, 14501, 11644, 5077]"
57,npc_dota_hero_omniknight,Omniknight,str,Melee,"Support,Durable,Nuker",/apps/dota2/images/dota_react/heroes/omniknight.png?,/apps/dota2/images/dota_react/heroes/icons/omniknight.png?,120,0.25,75,0.0,2,25,31,41,22,15,16,3.1,2.0,2.1,150,900,1.7,100,0.433,310,,True,2,1800,800,3194,1499,7523,3614,8588,4110,8179,4005,6171,2985,3766,1880,2431,1236,1407,741,26802,"[3873, 3864, 4252, 4696, 4738, 3751, 1628]",12844,"[1850, 1852, 2045, 2265, 2283, 1784, 765]",32,14,9,47837,"[6249, 6463, 7773, 8593, 8718, 6875, 3166]",23258,"[2941, 3126, 3808, 4197, 4235, 3422, 1529]"
58,npc_dota_hero_enchantress,Enchantress,int,Ranged,"Support,Pusher,Durable,Disabler",/apps/dota2/images/dota_react/heroes/enchantress.png?,/apps/dota2/images/dota_react/heroes/icons/enchantress.png?,120,0.25,75,0.5,1,25,21,31,17,19,22,2.0,2.1,3.8,575,900,1.7,100,0.3,320,,True,4,1800,800,8032,4001,14299,7017,12867,6089,10495,4910,7059,3223,4200,1943,2290,1061,1232,540,49416,"[7034, 6920, 7597, 8767, 8796, 7217, 3085]",25096,"[3458, 3454, 3868, 4531, 4496, 3682, 1607]",56,24,46,71277,"[9862, 10007, 11202, 12430, 12896, 10444, 4436]",34241,"[4693, 4752, 5403, 6031, 6115, 5110, 2137]"
59,npc_dota_hero_huskar,Huskar,str,Ranged,"Carry,Durable,Initiator",/apps/dota2/images/dota_react/heroes/huskar.png?,/apps/dota2/images/dota_react/heroes/icons/huskar.png?,120,0.25,0,0.0,1,25,21,26,23,10,18,3.3,1.5,1.5,400,1400,1.6,100,0.3,295,,True,2,1800,800,16519,7788,33305,15855,36614,17782,36217,17910,29815,15129,21426,11241,15756,8359,10895,5694,103267,"[14916, 15109, 15788, 17981, 18030, 14992, 6451]",50617,"[7350, 7452, 7813, 8797, 8754, 7303, 3148]",213,108,735,226524,"[32356, 32692, 34114, 38941, 39940, 33417, 15064]",112409,"[16151, 16169, 17192, 19312, 19702, 16437, 7446]"
60,npc_dota_hero_night_stalker,Night Stalker,str,Melee,"Carry,Initiator,Durable,Disabler,Nuker",/apps/dota2/images/dota_react/heroes/night_stalker.png?,/apps/dota2/images/dota_react/heroes/icons/night_stalker.png?,120,1.5,75,0.25,2,25,40,44,23,18,15,3.0,2.2,1.6,150,900,1.7,100,0.55,295,,True,2,800,1800,8778,4297,29190,14647,45151,23013,53455,27477,50420,26288,37127,19057,26718,13788,16358,8392,47900,"[7354, 7241, 7226, 8286, 8252, 6670, 2871]",23351,"[3617, 3584, 3513, 3964, 4056, 3226, 1391]",458,236,1456,283242,"[44686, 44617, 41275, 47528, 47886, 39264, 17986]",144981,"[23481, 23385, 20883, 23889, 24309, 19948, 9086]"
61,npc_dota_hero_broodmother,Broodmother,agi,Melee,"Carry,Pusher,Escape,Nuker",/apps/dota2/images/dota_react/heroes/broodmother.png?,/apps/dota2/images/dota_react/heroes/icons/broodmother.png?,120,0.25,75,0.0,-1,25,29,35,18,18,18,2.9,3.4,2.0,175,900,1.7,125,0.4,285,,True,8,1800,800,5211,2545,11088,5324,11187,5424,9441,4756,6555,3202,4317,2233,3257,1650,2080,1083,31763,"[4811, 4814, 5053, 5267, 5386, 4655, 1777]",14616,"[2223, 2221, 2404, 2401, 2468, 2096, 803]",53,23,178,61309,"[9505, 9607, 9643, 10106, 10299, 8794, 3355]",30025,"[4650, 4793, 4744, 4934, 5007, 4275, 1622]"
62,npc_dota_hero_bounty_hunter,Bounty Hunter,agi,Melee,"Escape,Nuker",/apps/dota2/images/dota_react/heroes/bounty_hunter.png?,/apps/dota2/images/dota_react/heroes/icons/bounty_hunter.png?,120,0.75,75,0.5,5,25,33,41,19,21,20,2.5,2.6,1.9,150,900,1.5,100,0.59,325,,True,2,1800,1000,12274,5789,30723,14607,38179,18277,38165,18529,30600,15156,20742,10335,14294,7256,9160,4792,97551,"[14093, 14266, 14816, 16697, 17215, 14199, 6265]",45264,"[6578, 6566, 6878, 7771, 7945, 6604, 2922]",173,88,169,213443,"[31011, 31300, 31920, 36325, 37704, 30780, 14403]",104110,"[15089, 15246, 15693, 17737, 18359, 14897, 7089]"
63,npc_dota_hero_weaver,Weaver,agi,Ranged,"Carry,Escape",/apps/dota2/images/dota_react/heroes/weaver.png?,/apps/dota2/images/dota_react/heroes/icons/weaver.png?,120,1.25,75,0.5,1,25,37,43,16,17,20,2.0,3.3,2.0,425,900,1.8,120,0.55,275,,True,4,1800,800,19728,9834,50607,25140,67527,34049,74405,37339,64103,32134,45535,22718,31387,15483,19747,9656,139078,"[20076, 20530, 21491, 23997, 24633, 19975, 8376]",71315,"[10358, 10531, 11025, 12282, 12625, 10191, 4303]",493,250,596,402334,"[60117, 60610, 60067, 68662, 68906, 57933, 26039]",201160,"[30548, 30576, 29803, 34112, 34270, 28784, 13067]"
64,npc_dota_hero_jakiro,Jakiro,int,Ranged,"Support,Nuker,Pusher,Disabler",/apps/dota2/images/dota_react/heroes/jakiro.png?,/apps/dota2/images/dota_react/heroes/icons/jakiro.png?,120,0.25,75,0.0,1,25,27,35,25,15,26,2.5,1.2,3.0,400,1100,1.7,100,0.4,290,0.8,True,2,1800,800,20220,10640,69349,35927,106729,54659,119891,61035,101489,50831,68899,34277,43699,21491,23066,11232,187802,"[26855, 27435, 28630, 32838, 33546, 26924, 11574]",96174,"[13868, 14005, 14669, 16884, 17109, 13762, 5877]",929,478,855,583166,"[86215, 86088, 87154, 100420, 101755, 83507, 38027]",295423,"[43735, 43754, 44258, 50875, 51344, 42289, 19168]"
65,npc_dota_hero_batrider,Batrider,all,Ranged,"Initiator,Disabler,Escape",/apps/dota2/images/dota_react/heroes/batrider.png?,/apps/dota2/images/dota_react/heroes/icons/batrider.png?,120,1.75,75,0.0,2,25,12,16,23,15,22,2.9,1.8,2.9,400,900,1.7,100,0.3,330,0.9,True,2,1600,800,1789,792,4751,2134,6310,2834,6813,3063,5551,2447,3951,1774,2516,1160,1484,682,21244,"[2919, 2950, 3589, 3817, 3772, 2918, 1279]",9017,"[1216, 1298, 1590, 1655, 1575, 1161, 522]",68,30,45,37693,"[4718, 4866, 6554, 7023, 6666, 5480, 2386]",17042,"[2026, 2136, 3024, 3185, 3092, 2503, 1076]"
66,npc_dota_hero_chen,Chen,int,Ranged,"Support,Pusher",/apps/dota2/images/dota_react/heroes/chen.png?,/apps/dota2/images/dota_react/heroes/icons/chen.png?,120,0.25,75,0.5,-1,25,27,37,23,15,19,2.0,2.1,3.2,650,1100,1.7,100,0.5,305,,True,2,1800,800,925,395,2175,935,2477,1018,2414,1043,1881,781,1385,631,980,444,670,334,13152,"[1853, 1870, 2088, 2241, 2394, 1958, 748]",5265,"[759, 755, 818, 880, 962, 771, 320]",50,14,47,16115,"[2056, 2187, 2787, 2928, 2751, 2340, 1066]",7145,"[931, 944, 1213, 1279, 1283, 1026, 469]"
67,npc_dota_hero_spectre,Spectre,all,Melee,"Carry,Durable,Escape",/apps/dota2/images/dota_react/heroes/spectre.png?,/apps/dota2/images/dota_react/heroes/icons/spectre.png?,120,1.0,75,0.0,0,25,21,25,21,25,16,2.5,2.1,1.7,150,900,1.7,90,0.3,290,,True,0,1800,800,15599,8370,45630,23914,54774,28402,52434,26623,38205,19105,22691,11276,12522,6405,5331,2679,106992,"[15521, 15504, 16318, 18667, 18635, 15430, 6917]",58891,"[8530, 8435, 8999, 10271, 10343, 8454, 3859]",115,46,195,267890,"[38377, 38866, 40058, 46294, 46980, 38908, 18407]",137606,"[19492, 19814, 20532, 23936, 24275, 20171, 9386]"
68,npc_dota_hero_ancient_apparition,Ancient Apparition,int,Ranged,"Support,Disabler,Nuker",/apps/dota2/images/dota_react/heroes/ancient_apparition.png?,/apps/dota2/images/dota_react/heroes/icons/ancient_apparition.png?,120,0.25,75,0.0,-1,25,21,31,20,20,23,1.9,2.2,3.1,675,1250,1.7,100,0.45,285,,True,0,1800,800,15522,8164,48240,25692,70002,37673,81016,43595,71683,38439,52286,27951,36519,19209,22888,12045,149608,"[21987, 21989, 22248, 25924, 26926, 21210, 9324]",80282,"[11812, 11902, 11913, 13879, 14398, 11471, 4907]",504,274,824,420122,"[61834, 61621, 60285, 73011, 74240, 61235, 27896]",224223,"[33352, 33105, 31858, 38879, 39577, 32738, 14714]"
69,npc_dota_hero_doom_bringer,Doom,str,Melee,"Carry,Disabler,Initiator,Durable,Nuker",/apps/dota2/images/dota_react/heroes/doom_bringer.png?,/apps/dota2/images/dota_react/heroes/icons/doom_bringer.png?,120,1.25,75,0.0,2,25,32,42,24,15,15,3.8,1.5,1.7,200,900,1.9,100,0.5,290,,True,2,1800,800,4935,2299,14718,6636,20943,9336,23074,10366,20370,9378,14258,6550,9959,4612,5785,2689,34247,"[4903, 4845, 5325, 6013, 6177, 4899, 2085]",15727,"[2250, 2169, 2456, 2726, 2819, 2318, 989]",180,77,244,123437,"[17168, 17607, 19052, 21703, 21565, 17725, 8617]",56300,"[7803, 8007, 8644, 9960, 9854, 8081, 3951]"
70,npc_dota_hero_ursa,Ursa,agi,Melee,"Carry,Durable,Disabler",/apps/dota2/images/dota_react/heroes/ursa.png?,/apps/dota2/images/dota_react/heroes/icons/ursa.png?,120,1.0,75,0.0,1,25,24,28,25,18,16,2.4,2.8,1.5,150,900,1.7,100,0.3,310,,True,2,1800,800,15157,6977,40303,19273,55146,27113,60984,30475,53530,27015,38918,19897,27442,14058,15266,7853,106075,"[15620, 15614, 17648, 18034, 18162, 14944, 6053]",53901,"[7915, 7888, 8954, 9299, 9169, 7598, 3078]",418,206,886,333036,"[48238, 48109, 52484, 57847, 57896, 47862, 20600]",165277,"[23977, 23923, 26169, 28809, 28558, 23701, 10140]"
71,npc_dota_hero_spirit_breaker,Spirit Breaker,str,Melee,"Carry,Initiator,Disabler,Durable,Escape",/apps/dota2/images/dota_react/heroes/spirit_breaker.png?,/apps/dota2/images/dota_react/heroes/icons/spirit_breaker.png?,120,1.25,75,0.5,1,25,31,41,28,17,14,3.3,1.7,1.8,170,900,1.9,100,0.6,295,,True,2,1800,800,20970,10501,52629,26455,65136,32799,64040,31735,48619,24259,30277,15139,18058,9027,9142,4607,161652,"[23750, 23926, 25291, 27885, 28580, 22852, 9368]",77108,"[11304, 11407, 12101, 13293, 13649, 10904, 4450]",253,139,139,340753,"[49323, 49651, 52001, 58593, 59934, 49191, 22060]",170677,"[24619, 24848, 26045, 29333, 30028, 24630, 11174]"
72,npc_dota_hero_gyrocopter,Gyrocopter,agi,Ranged,"Carry,Nuker,Disabler",/apps/dota2/images/dota_react/heroes/gyrocopter.png?,/apps/dota2/images/dota_react/heroes/icons/gyrocopter.png?,120,0.25,75,0.0,2,25,18,24,22,25,21,2.5,3.2,2.4,365,3000,1.7,125,0.2,320,,True,2,1800,800,6017,2880,17181,8238,25936,12469,30299,14675,25620,12595,16623,8194,10215,4986,5450,2680,58618,"[8277, 8114, 8724, 10342, 10759, 8633, 3769]",29237,"[4098, 4007, 4294, 5196, 5426, 4347, 1869]",221,112,132,150167,"[20693, 20548, 21771, 26103, 27478, 22776, 10798]",73068,"[10078, 9955, 10708, 12543, 13454, 11010, 5320]"
73,npc_dota_hero_alchemist,Alchemist,str,Melee,"Carry,Support,Durable,Disabler,Initiator,Nuker",/apps/dota2/images/dota_react/heroes/alchemist.png?,/apps/dota2/images/dota_react/heroes/icons/alchemist.png?,120,0.25,75,0.0,0,25,27,33,23,22,25,2.7,1.5,1.8,150,900,1.7,110,0.35,295,,True,2,1800,800,7276,3618,20539,10194,27953,14180,30172,15230,25549,12882,17041,8607,10942,5590,5600,2753,51064,"[7570, 7480, 7910, 8926, 8827, 7236, 3115]",25882,"[3821, 3709, 4026, 4629, 4447, 3655, 1595]",102,60,61,160880,"[23427, 23999, 24509, 27662, 27364, 23301, 10618]",81047,"[11724, 11992, 12410, 14009, 13779, 11815, 5318]"
74,npc_dota_hero_invoker,Invoker,int,Ranged,"Carry,Nuker,Disabler,Escape,Pusher",/apps/dota2/images/dota_react/heroes/invoker.png?,/apps/dota2/images/dota_react/heroes/icons/invoker.png?,120,0.25,75,0.0,-1,25,15,21,19,14,20,2.5,2.0,4.7,600,900,1.7,100,0.4,285,,True,2,1800,800,27835,13910,83952,42300,115626,58545,124051,63159,103353,52550,68414,35059,43008,22143,22093,11509,380664,"[56960, 57512, 59620, 65749, 65329, 53862, 21632]",195656,"[29352, 29639, 30554, 33669, 33604, 27662, 11176]",415,227,553,627031,"[92335, 93376, 95754, 107463, 108480, 90946, 38677]",318677,"[46566, 47190, 48731, 54804, 55343, 46294, 19749]"
75,npc_dota_hero_silencer,Silencer,int,Ranged,"Carry,Support,Disabler,Initiator,Nuker",/apps/dota2/images/dota_react/heroes/silencer.png?,/apps/dota2/images/dota_react/heroes/icons/silencer.png?,120,0.25,75,0.0,0,25,18,32,19,22,25,2.2,2.2,2.9,600,900,1.6,110,0.5,290,,True,2,1800,800,18031,9403,58529,30144,82964,42821,90277,46378,75093,38672,51326,26425,35061,17917,20530,10526,137298,"[19521, 19717, 21066, 24134, 24712, 19620, 8528]",73417,"[10456, 10600, 11110, 12874, 13295, 10567, 4515]",496,238,1034,455669,"[66484, 66532, 67966, 78292, 79457, 65349, 31589]",234758,"[34451, 34248, 34763, 40330, 40876, 33917, 16173]"
76,npc_dota_hero_obsidian_destroyer,Outworld Destroyer,int,Ranged,"Carry,Nuker,Disabler",/apps/dota2/images/dota_react/heroes/obsidian_destroyer.png?,/apps/dota2/images/dota_react/heroes/icons/obsidian_destroyer.png?,120,1.0,75,0.0,1,25,19,31,21,22,30,2.9,1.6,4.2,450,900,1.9,100,0.46,315,,True,4,1800,800,10661,5297,30938,15854,44507,23357,51103,27159,44397,23732,30648,16182,20707,10764,11572,5935,78846,"[10441, 10947, 12119, 13839, 14218, 12448, 4834]",40871,"[5389, 5586, 6335, 7221, 7375, 6455, 2510]",300,152,968,261670,"[33527, 35203, 40172, 46401, 48135, 39647, 18585]",136992,"[17369, 18231, 21345, 24264, 25380, 20656, 9747]"
77,npc_dota_hero_lycan,Lycan,str,Melee,"Carry,Pusher,Durable,Escape",/apps/dota2/images/dota_react/heroes/lycan.png?,/apps/dota2/images/dota_react/heroes/icons/lycan.png?,120,0.25,75,0.0,0,25,24,29,26,18,23,3.4,1.7,1.7,150,900,1.7,110,0.55,305,,True,2,1800,800,3069,1439,7440,3501,9015,4229,8910,4257,7357,3581,4838,2345,3488,1715,2539,1361,26105,"[3389, 3584, 4378, 4632, 4664, 3847, 1611]",12848,"[1635, 1710, 2153, 2307, 2312, 1955, 776]",88,54,111,52910,"[5338, 5749, 9093, 10380, 10428, 8242, 3680]",25557,"[2451, 2718, 4416, 5134, 5057, 3993, 1788]"
78,npc_dota_hero_brewmaster,Brewmaster,all,Melee,"Carry,Initiator,Durable,Disabler,Nuker",/apps/dota2/images/dota_react/heroes/brewmaster.png?,/apps/dota2/images/dota_react/heroes/icons/brewmaster.png?,120,0.5,75,0.0,0,25,26,33,23,19,17,3.7,2.0,1.6,150,900,1.7,100,0.35,310,,True,2,1800,800,1559,734,3595,1721,4230,1985,4341,2030,3728,1862,2869,1385,2095,1010,1460,726,15799,"[2310, 2214, 2624, 2791, 2758, 2213, 889]",7164,"[1022, 1003, 1230, 1283, 1209, 1010, 407]",63,29,88,29408,"[3676, 3717, 5273, 5448, 5262, 4238, 1794]",14071,"[1754, 1765, 2468, 2645, 2530, 2015, 894]"
79,npc_dota_hero_shadow_demon,Shadow Demon,int,Ranged,"Support,Disabler,Initiator,Nuker",/apps/dota2/images/dota_react/heroes/shadow_demon.png?,/apps/dota2/images/dota_react/heroes/icons/shadow_demon.png?,120,0.25,75,0.0,0,25,29,33,23,18,22,2.6,2.2,3.6,500,900,1.7,100,0.35,290,,True,2,1800,800,2550,1145,6679,3123,9597,4530,10927,5197,9593,4712,6963,3441,4667,2275,2458,1196,24772,"[3714, 3522, 3705, 4325, 4298, 3644, 1564]",11274,"[1680, 1586, 1697, 2002, 1961, 1634, 714]",149,76,100,58801,"[8379, 8357, 8902, 10313, 10355, 8528, 3967]",28093,"[3937, 4044, 4270, 4929, 4965, 4069, 1879]"
80,npc_dota_hero_lone_druid,Lone Druid,agi,Ranged,"Carry,Pusher,Durable",/apps/dota2/images/dota_react/heroes/lone_druid.png?,/apps/dota2/images/dota_react/heroes/icons/lone_druid.png?,120,0.25,75,0.0,0,25,18,22,18,20,13,2.5,2.8,1.4,550,900,1.6,100,0.33,325,,True,2,1800,800,2827,1378,6928,3351,7764,3892,7693,3855,5986,2965,4092,2053,2872,1491,1471,746,19491,"[2804, 2988, 3011, 3234, 3402, 2781, 1271]",8119,"[1178, 1254, 1245, 1287, 1447, 1165, 543]",38,24,81,45240,"[6667, 6720, 6782, 7750, 7826, 6465, 3030]",22443,"[3355, 3400, 3304, 3808, 3882, 3205, 1489]"
81,npc_dota_hero_chaos_knight,Chaos Knight,str,Melee,"Carry,Disabler,Durable,Pusher,Initiator",/apps/dota2/images/dota_react/heroes/chaos_knight.png?,/apps/dota2/images/dota_react/heroes/icons/chaos_knight.png?,120,0.25,75,0.0,2,25,24,54,24,18,18,3.1,1.8,1.2,150,900,1.7,100,0.5,325,,True,2,1800,800,12732,6535,29129,15010,29954,15050,26368,13343,18449,9297,10363,5121,5930,2879,2424,1169,64244,"[9143, 9029, 9856, 11341, 11619, 9361, 3895]",34700,"[4993, 4848, 5356, 6171, 6179, 5073, 2080]",69,31,25,153471,"[21520, 21481, 22941, 26875, 27777, 22447, 10430]",77786,"[10881, 10842, 11665, 13595, 14084, 11372, 5347]"
82,npc_dota_hero_meepo,Meepo,agi,Melee,"Carry,Escape,Nuker,Disabler,Initiator,Pusher",/apps/dota2/images/dota_react/heroes/meepo.png?,/apps/dota2/images/dota_react/heroes/icons/meepo.png?,120,0.25,75,0.25,4,25,29,35,24,17,18,2.2,2.1,1.9,150,900,1.7,100,0.38,320,0.9,True,2,1800,800,4715,2348,9734,4863,10229,5301,9532,4902,7012,3597,4889,2588,3395,1782,2262,1262,39577,"[5923, 6036, 6366, 6857, 6697, 5605, 2093]",18624,"[2810, 2828, 3043, 3244, 3074, 2662, 963]",39,15,109,59146,"[8835, 9115, 9411, 10184, 10010, 8120, 3471]",30260,"[4552, 4711, 4765, 5141, 5152, 4155, 1784]"
83,npc_dota_hero_treant,Treant Protector,str,Melee,"Support,Initiator,Durable,Disabler,Escape",/apps/dota2/images/dota_react/heroes/treant.png?,/apps/dota2/images/dota_react/heroes/icons/treant.png?,120,0.25,75,0.25,-1,25,60,68,25,15,20,3.4,1.8,1.8,150,900,1.9,100,0.6,280,,True,2,1800,800,5987,2896,15927,7734,19842,9695,18455,8893,13295,6314,7952,3935,4520,2206,2205,1066,54333,"[7999, 7990, 8187, 9274, 9588, 7907, 3388]",25554,"[3785, 3752, 3834, 4373, 4525, 3690, 1595]",67,33,22,98023,"[14005, 14275, 14542, 16922, 17511, 14200, 6568]",47448,"[6690, 6929, 7003, 8313, 8561, 6823, 3129]"
84,npc_dota_hero_ogre_magi,Ogre Magi,str,Melee,"Support,Nuker,Disabler,Durable,Initiator",/apps/dota2/images/dota_react/heroes/ogre_magi.png?,/apps/dota2/images/dota_react/heroes/icons/ogre_magi.png?,120,1.5,120,0.0,4,25,44,50,23,14,0,4.2,1.5,0.0,150,900,1.7,100,0.3,290,,True,2,1800,800,28884,14782,84092,42955,104596,52835,99277,49867,70465,35228,41535,20854,22238,11225,9543,4698,266276,"[38134, 38211, 40284, 45945, 47462, 38965, 17275]",138487,"[19917, 19751, 21198, 23865, 24436, 20306, 9014]",310,147,42,498637,"[71371, 72199, 75035, 85385, 87703, 72427, 34517]",252315,"[35980, 36331, 38116, 43172, 44450, 36764, 17502]"
85,npc_dota_hero_undying,Undying,str,Melee,"Support,Durable,Disabler,Nuker",/apps/dota2/images/dota_react/heroes/undying.png?,/apps/dota2/images/dota_react/heroes/icons/undying.png?,120,,75,0.25,1,25,31,39,22,10,27,2.4,1.2,2.8,150,900,1.7,100,0.3,300,,True,2,1800,800,14612,7458,41115,21084,52697,27426,50129,26042,37767,19382,23210,12013,14110,7241,7160,3718,93219,"[13303, 13332, 14230, 16544, 16658, 13352, 5800]",48273,"[6841, 6833, 7328, 8591, 8740, 6922, 3018]",222,122,88,259164,"[36786, 37671, 39171, 45548, 45593, 37438, 16957]",133667,"[18846, 19467, 20172, 23504, 23667, 19305, 8706]"
86,npc_dota_hero_rubick,Rubick,int,Ranged,"Support,Disabler,Nuker",/apps/dota2/images/dota_react/heroes/rubick.png?,/apps/dota2/images/dota_react/heroes/icons/rubick.png?,120,0.25,75,0.5,1,25,25,31,21,23,24,2.0,2.5,3.7,550,1125,1.7,100,0.4,290,0.7,True,2,1800,800,17163,8156,58059,27354,91026,43142,108208,51739,95936,46435,67619,32830,43127,20942,21725,10688,277205,"[40380, 40773, 42711, 47416, 49385, 39598, 16942]",132734,"[19420, 19475, 20405, 22656, 23613, 19019, 8146]",547,296,346,529613,"[77497, 77766, 80279, 89870, 92036, 77391, 34774]",254014,"[37297, 37556, 38326, 42937, 44250, 37170, 16478]"
87,npc_dota_hero_disruptor,Disruptor,int,Ranged,"Support,Disabler,Nuker,Initiator",/apps/dota2/images/dota_react/heroes/disruptor.png?,/apps/dota2/images/dota_react/heroes/icons/disruptor.png?,120,0.25,75,0.0,0,25,27,31,21,15,20,2.4,1.4,2.9,625,1200,1.7,100,0.4,295,,True,2,1800,800,6605,3257,22867,11605,35795,18256,42866,21938,38823,20018,27556,14353,18505,9475,10127,5273,55200,"[7770, 7890, 8440, 9773, 9936, 7855, 3536]",27202,"[3863, 3889, 4161, 4850, 4840, 3856, 1743]",250,119,138,216628,"[30083, 31077, 32150, 37638, 38676, 32028, 14976]",111060,"[15453, 15835, 16407, 19196, 19991, 16496, 7682]"
88,npc_dota_hero_nyx_assassin,Nyx Assassin,all,Melee,"Disabler,Nuker,Initiator,Escape",/apps/dota2/images/dota_react/heroes/nyx_assassin.png?,/apps/dota2/images/dota_react/heroes/icons/nyx_assassin.png?,120,2.0,75,0.0,1,25,26,30,17,18,21,2.7,2.9,2.6,150,900,1.7,100,0.46,310,,True,6,1800,800,7803,3865,22531,11385,29322,14870,28943,14574,22517,11352,13772,7035,7794,3936,3366,1690,76964,"[11145, 10948, 12058, 13251, 13670, 11085, 4807]",37971,"[5512, 5392, 5917, 6587, 6794, 5434, 2335]",85,46,166,149930,"[21155, 21417, 23210, 25871, 26411, 21924, 9942]",75732,"[10593, 10736, 11829, 13160, 13272, 11098, 5044]"
89,npc_dota_hero_naga_siren,Naga Siren,agi,Melee,"Carry,Support,Pusher,Disabler,Initiator,Escape",/apps/dota2/images/dota_react/heroes/naga_siren.png?,/apps/dota2/images/dota_react/heroes/icons/naga_siren.png?,120,1.0,75,0.0,1,25,23,25,21,21,21,2.4,3.3,2.0,150,900,1.7,110,0.5,330,,True,0,1800,800,4485,2208,9103,4278,7858,3565,5551,2499,3723,1642,2082,957,1076,480,570,264,32117,"[4814, 5022, 5054, 5751, 5397, 4457, 1622]",15968,"[2422, 2533, 2452, 2842, 2725, 2172, 822]",32,13,31,41839,"[5918, 6191, 6653, 7635, 7357, 5708, 2377]",19592,"[2762, 2857, 3215, 3590, 3430, 2615, 1123]"
90,npc_dota_hero_keeper_of_the_light,Keeper of the Light,int,Ranged,"Support,Nuker,Disabler",/apps/dota2/images/dota_react/heroes/keeper_of_the_light.png?,/apps/dota2/images/dota_react/heroes/icons/keeper_of_the_light.png?,120,0.25,75,0.0,0,25,20,27,18,15,23,2.3,1.6,3.3,600,900,1.7,100,0.3,320,0.7,True,2,1800,800,5778,2588,14707,6884,17623,8235,17532,8367,13282,6409,8883,4317,5616,2737,3622,1796,48050,"[7173, 6936, 7721, 8347, 8227, 6816, 2830]",20977,"[3152, 3008, 3405, 3641, 3558, 2986, 1227]",140,75,132,96359,"[12936, 13338, 15860, 17154, 17045, 14088, 5938]",45660,"[6154, 6204, 7515, 8228, 8069, 6614, 2876]"
91,npc_dota_hero_wisp,Io,all,Ranged,"Support,Escape,Nuker",/apps/dota2/images/dota_react/heroes/wisp.png?,/apps/dota2/images/dota_react/heroes/icons/wisp.png?,120,0.25,75,0.0,1,25,21,27,17,14,23,3.0,1.6,1.7,500,1200,1.7,100,0.3,320,0.7,True,0,1800,800,5515,2707,13858,6837,16141,8117,14897,7501,11711,5876,7906,4079,5138,2647,2984,1519,50959,"[7057, 7329, 8178, 9299, 9046, 7362, 2688]",25226,"[3494, 3602, 4009, 4565, 4542, 3666, 1348]",90,41,81,86105,"[12335, 12634, 13551, 15479, 15287, 12279, 4540]",43187,"[6231, 6326, 6825, 7736, 7685, 6130, 2254]"
92,npc_dota_hero_visage,Visage,all,Ranged,"Support,Nuker,Durable,Disabler,Pusher",/apps/dota2/images/dota_react/heroes/visage.png?,/apps/dota2/images/dota_react/heroes/icons/visage.png?,120,0.25,75,0.0,0,25,21,31,22,11,22,2.8,1.3,2.9,600,1400,1.7,110,0.4,285,,True,2,1800,800,3139,1522,7540,3758,8100,3918,7397,3627,5896,3021,4086,2169,3276,1709,2690,1439,22068,"[3281, 3341, 3493, 3747, 3829, 3103, 1274]",9999,"[1503, 1545, 1576, 1667, 1747, 1399, 562]",70,45,148,46987,"[7064, 7118, 7534, 8193, 8097, 6296, 2685]",23484,"[3497, 3532, 3783, 4133, 4034, 3149, 1356]"
93,npc_dota_hero_slark,Slark,agi,Melee,"Carry,Escape,Disabler,Nuker",/apps/dota2/images/dota_react/heroes/slark.png?,/apps/dota2/images/dota_react/heroes/icons/slark.png?,120,0.25,75,0.0,0,25,37,43,20,21,16,2.1,1.5,1.9,150,0,1.7,120,0.5,300,0.7,True,2,1800,1800,20057,10517,62206,31895,84901,42981,89871,44961,74390,37342,49655,24574,31963,16035,17526,8770,159191,"[23331, 23262, 24499, 27561, 27797, 22581, 10160]",81771,"[12057, 11930, 12629, 14033, 14215, 11669, 5238]",304,152,662,464572,"[68445, 68600, 71197, 80175, 79236, 66025, 30894]",234774,"[34588, 34791, 35982, 40517, 39890, 33315, 15691]"
94,npc_dota_hero_medusa,Medusa,agi,Ranged,"Carry,Disabler,Durable",/apps/dota2/images/dota_react/heroes/medusa.png?,/apps/dota2/images/dota_react/heroes/icons/medusa.png?,120,0.25,75,0.0,-1,25,26,32,0,22,25,0.0,3.6,3.6,600,1200,1.7,100,0.5,275,,True,0,1800,800,10498,5598,29771,16067,39482,21349,41827,22381,33460,17928,22161,11681,13676,7137,6816,3505,77886,"[10706, 10769, 11597, 13815, 14377, 11347, 5275]",45100,"[6235, 6265, 6675, 7967, 8337, 6580, 3041]",174,81,262,211546,"[27689, 28669, 29932, 37755, 39275, 32837, 15389]",113012,"[14875, 15528, 15788, 20120, 20917, 17674, 8110]"
95,npc_dota_hero_troll_warlord,Troll Warlord,agi,Ranged,"Carry,Pusher,Disabler,Durable",/apps/dota2/images/dota_react/heroes/troll_warlord.png?,/apps/dota2/images/dota_react/heroes/icons/troll_warlord.png?,120,0.25,75,0.0,-1,25,27,35,21,23,13,2.5,3.3,1.0,500,1200,1.7,100,0.3,290,,True,2,1800,800,11890,6287,23513,12487,23406,12250,20118,10416,15595,8035,9673,4857,6060,2999,3008,1475,69695,"[10045, 10200, 10921, 12066, 12149, 10079, 4235]",37542,"[5427, 5504, 5958, 6531, 6476, 5376, 2270]",123,60,144,132226,"[18042, 18216, 20368, 23734, 23907, 19324, 8635]",68589,"[9400, 9416, 10599, 12276, 12441, 9939, 4518]"
96,npc_dota_hero_centaur,Centaur Warrunner,str,Melee,"Durable,Initiator,Disabler,Nuker,Escape",/apps/dota2/images/dota_react/heroes/centaur.png?,/apps/dota2/images/dota_react/heroes/icons/centaur.png?,120,3.0,75,0.0,-2,25,36,38,27,15,15,4.0,1.0,1.6,150,900,1.7,90,0.3,305,,True,4,1800,800,6727,3523,21192,10831,30091,15325,32081,16131,25991,12840,16500,8171,9903,4854,4870,2381,51763,"[7209, 7300, 7831, 9126, 9544, 7609, 3144]",27253,"[3813, 3828, 4120, 4826, 4988, 4008, 1670]",253,119,92,160052,"[21306, 21600, 23732, 28200, 29259, 24584, 11371]",80575,"[10543, 10796, 11927, 14217, 14765, 12584, 5743]"
97,npc_dota_hero_magnataur,Magnus,all,Melee,"Initiator,Disabler,Nuker,Escape",/apps/dota2/images/dota_react/heroes/magnataur.png?,/apps/dota2/images/dota_react/heroes/icons/magnataur.png?,120,0.5,75,0.5,1,25,30,38,25,12,20,3.1,2.0,2.1,200,900,1.8,100,0.5,305,0.8,True,4,1800,800,10305,4793,42104,19582,77561,36900,100229,47941,96140,46575,70313,34417,46542,22678,25798,12635,166793,"[25659, 25486, 25965, 28513, 28195, 23105, 9870]",76824,"[12015, 12057, 11814, 12981, 12949, 10506, 4502]",531,260,971,490807,"[76817, 77165, 73723, 82104, 81352, 68744, 30902]",236121,"[38165, 38134, 35025, 38953, 38613, 32427, 14804]"
98,npc_dota_hero_shredder,Timbersaw,str,Melee,"Nuker,Durable,Escape",/apps/dota2/images/dota_react/heroes/shredder.png?,/apps/dota2/images/dota_react/heroes/icons/shredder.png?,120,0.25,75,0.5,0,25,23,27,26,16,23,3.5,1.6,2.7,150,900,1.7,100,0.36,285,,True,2,1800,800,8037,3774,19065,8686,24135,11133,25633,11877,21787,10190,15431,7240,10220,4849,5671,2643,50000,"[7306, 7419, 8268, 8812, 8481, 6901, 2813]",23845,"[3445, 3547, 3966, 4161, 4064, 3318, 1344]",173,76,108,143721,"[19135, 19610, 23339, 25837, 25903, 20895, 9002]",66877,"[8676, 8825, 11005, 12234, 12138, 9782, 4217]"
99,npc_dota_hero_bristleback,Bristleback,str,Melee,"Carry,Durable,Initiator,Nuker",/apps/dota2/images/dota_react/heroes/bristleback.png?,/apps/dota2/images/dota_react/heroes/icons/bristleback.png?,120,1.0,75,0.4,1,25,31,37,22,17,14,2.7,1.8,2.8,150,900,1.8,100,0.3,295,0.9,True,2,1800,800,20449,10797,41792,20641,41923,20209,35350,16729,24308,11462,14081,6667,8588,4008,4611,2164,97964,"[14033, 14159, 14997, 17362, 17246, 13991, 6176]",52426,"[7444, 7628, 7984, 9239, 9220, 7582, 3329]",219,123,202,219016,"[31043, 31416, 33275, 37974, 38405, 32140, 14763]",106884,"[14971, 15279, 16266, 18540, 18680, 15889, 7259]"
100,npc_dota_hero_tusk,Tusk,str,Melee,"Initiator,Disabler,Nuker",/apps/dota2/images/dota_react/heroes/tusk.png?,/apps/dota2/images/dota_react/heroes/icons/tusk.png?,120,1.0,75,0.5,1,25,27,31,23,23,18,3.9,2.1,1.7,150,900,1.7,100,0.36,310,0.7,True,2,1800,800,4451,1958,12558,5645,18545,8508,22198,10379,20610,9874,16027,7738,11703,5799,6733,3304,54639,"[7888, 7973, 8347, 9371, 9696, 7985, 3379]",24275,"[3416, 3581, 3678, 4263, 4338, 3495, 1504]",259,132,122,123281,"[18121, 18069, 18255, 21053, 21199, 18338, 8246]",58042,"[8520, 8394, 8627, 9980, 10052, 8586, 3883]"
101,npc_dota_hero_skywrath_mage,Skywrath Mage,int,Ranged,"Support,Nuker,Disabler",/apps/dota2/images/dota_react/heroes/skywrath_mage.png?,/apps/dota2/images/dota_react/heroes/icons/skywrath_mage.png?,120,0.25,75,0.25,-2,25,16,26,21,13,23,2.0,0.8,4.1,625,1000,1.7,90,0.4,325,,True,2,1800,800,14728,7495,37604,19224,44056,22227,39548,19615,29128,14378,17305,8586,10430,5054,5568,2739,109961,"[15206, 15550, 17305, 19226, 19843, 16225, 6606]",55166,"[7555, 7742, 8685, 9742, 10060, 8036, 3346]",106,43,96,219020,"[29709, 30236, 33874, 38445, 39513, 32730, 14513]",109607,"[14712, 14798, 17117, 19454, 19779, 16447, 7300]"
102,npc_dota_hero_abaddon,Abaddon,all,Melee,"Support,Carry,Durable",/apps/dota2/images/dota_react/heroes/abaddon.png?,/apps/dota2/images/dota_react/heroes/icons/abaddon.png?,120,1.0,75,0.25,0,25,22,32,22,23,18,2.6,1.5,2.0,150,900,1.5,95,0.56,325,0.6,True,2,1800,800,12779,6736,39619,21256,58355,31052,66566,35662,57177,30370,39356,20613,26646,14002,15332,7981,77747,"[12456, 12550, 11800, 13249, 13273, 10242, 4177]",41688,"[6934, 6788, 6354, 6945, 7100, 5350, 2217]",382,199,1336,337246,"[58862, 58441, 49026, 54684, 54049, 43242, 18942]",178797,"[32174, 32024, 25558, 28514, 28165, 22527, 9835]"
103,npc_dota_hero_elder_titan,Elder Titan,str,Melee,"Initiator,Disabler,Nuker,Durable",/apps/dota2/images/dota_react/heroes/elder_titan.png?,/apps/dota2/images/dota_react/heroes/icons/elder_titan.png?,120,0.75,75,0.25,0,25,23,33,26,16,23,3.0,1.8,1.6,150,900,1.7,100,0.35,310,,True,2,1800,800,2491,1188,6200,3054,7144,3555,7131,3634,5983,3059,4399,2332,3765,2037,2679,1398,28131,"[3905, 4045, 4756, 4979, 4664, 3820, 1962]",13756,"[1960, 2000, 2381, 2380, 2287, 1799, 949]",76,35,57,45321,"[6687, 6729, 7228, 7974, 7695, 6271, 2737]",22868,"[3383, 3374, 3590, 4001, 3881, 3171, 1468]"
104,npc_dota_hero_legion_commander,Legion Commander,str,Melee,"Carry,Disabler,Initiator,Durable,Nuker",/apps/dota2/images/dota_react/heroes/legion_commander.png?,/apps/dota2/images/dota_react/heroes/icons/legion_commander.png?,120,0.25,75,0.0,0,25,33,37,24,18,20,3.1,1.7,2.2,150,900,1.7,100,0.46,325,,True,2,1800,800,25807,13491,74991,39044,98090,51024,99712,51815,78038,40610,50243,26025,30051,15375,14701,7654,134044,"[19698, 19669, 20484, 22659, 23536, 19523, 8475]",63174,"[9230, 9401, 9667, 10639, 11098, 9145, 3994]",289,143,216,510373,"[73569, 74613, 77365, 86423, 89582, 74988, 33833]",264927,"[38186, 38624, 40082, 44953, 46564, 38967, 17551]"
105,npc_dota_hero_techies,Techies,all,Ranged,"Nuker,Disabler",/apps/dota2/images/dota_react/heroes/techies.png?,/apps/dota2/images/dota_react/heroes/icons/techies.png?,120,1.0,75,1.0,2,25,20,22,19,14,25,2.6,1.8,2.8,600,900,1.7,90,0.5,300,,True,6,1800,800,15922,7723,39743,19122,48078,22829,45066,21135,33575,15608,19900,9233,10900,4944,4786,2152,130465,"[19002, 19344, 20139, 22336, 22954, 19003, 7687]",57321,"[8359, 8510, 8778, 9798, 10180, 8337, 3359]",141,64,113,238667,"[34548, 34968, 36038, 40814, 41812, 35412, 15075]",112736,"[16234, 16523, 17090, 19279, 19632, 16765, 7213]"
106,npc_dota_hero_ember_spirit,Ember Spirit,agi,Melee,"Carry,Escape,Nuker,Disabler,Initiator",/apps/dota2/images/dota_react/heroes/ember_spirit.png?,/apps/dota2/images/dota_react/heroes/icons/ember_spirit.png?,120,0.5,75,0.0,0,25,33,37,22,22,20,2.6,3.2,2.2,150,900,1.7,100,0.4,300,0.8,True,2,1800,800,6862,3227,22980,10896,36808,17986,46794,22704,45829,22520,34551,17184,23893,11721,14486,7016,70872,"[10576, 11443, 10853, 12175, 11986, 9561, 4278]",33022,"[5033, 5438, 5004, 5702, 5472, 4424, 1949]",425,227,623,245548,"[38102, 38459, 37232, 41629, 40686, 33868, 15572]",119520,"[18809, 18912, 17975, 20136, 19816, 16362, 7510]"
107,npc_dota_hero_earth_spirit,Earth Spirit,str,Melee,"Nuker,Escape,Disabler,Initiator,Durable",/apps/dota2/images/dota_react/heroes/earth_spirit.png?,/apps/dota2/images/dota_react/heroes/icons/earth_spirit.png?,120,1.0,75,0.0,0,25,25,35,22,17,18,3.8,2.4,2.1,150,900,1.7,100,0.35,290,,True,2,1800,800,2338,993,6915,3190,10011,4703,12401,5930,11204,5464,8317,4123,5402,2654,2638,1329,34727,"[4800, 5051, 5709, 6144, 6175, 4822, 2026]",15344,"[2111, 2224, 2514, 2734, 2743, 2154, 864]",49,28,41,63926,"[8618, 8918, 10245, 11593, 11199, 9334, 4019]",30594,"[4018, 4231, 4957, 5561, 5359, 4514, 1954]"
108,npc_dota_hero_abyssal_underlord,Underlord,str,Melee,"Support,Nuker,Disabler,Durable,Escape",/apps/dota2/images/dota_react/heroes/abyssal_underlord.png?,/apps/dota2/images/dota_react/heroes/icons/abyssal_underlord.png?,120,0.25,75,0.0,3,25,37,43,25,12,17,3.0,1.6,2.3,200,900,1.7,100,0.45,290,,True,2,1800,800,4583,2336,12305,6183,17370,8796,19684,9740,16757,8205,11018,5420,7378,3604,3394,1637,41895,"[6019, 5740, 6338, 7483, 7474, 6059, 2782]",21740,"[3077, 2983, 3294, 3926, 3952, 3097, 1411]",128,60,95,100066,"[13670, 13936, 15097, 18004, 17741, 14429, 7189]",49835,"[6755, 6867, 7572, 9043, 8947, 7089, 3562]"
109,npc_dota_hero_terrorblade,Terrorblade,agi,Melee,"Carry,Pusher,Nuker",/apps/dota2/images/dota_react/heroes/terrorblade.png?,/apps/dota2/images/dota_react/heroes/icons/terrorblade.png?,120,1.5,75,0.0,5,25,28,34,18,22,19,2.0,4.0,1.6,150,900,1.5,110,0.3,315,0.8,True,2,1800,800,7316,3601,17703,8441,20160,9529,20443,9635,17682,8456,13095,6342,10684,5232,9076,4557,55427,"[7894, 7923, 8814, 10506, 9471, 7663, 3156]",26351,"[3739, 3709, 4218, 5079, 4478, 3630, 1498]",312,169,297,128012,"[18002, 18170, 20354, 22565, 22615, 18438, 7868]",61486,"[8581, 8574, 9849, 10972, 10959, 8818, 3733]"
110,npc_dota_hero_phoenix,Phoenix,str,Ranged,"Support,Nuker,Initiator,Escape,Disabler",/apps/dota2/images/dota_react/heroes/phoenix.png?,/apps/dota2/images/dota_react/heroes/icons/phoenix.png?,120,2.0,75,0.0,-1,25,21,31,23,12,16,3.3,1.5,1.8,525,1100,1.7,100,0.35,280,0.9,True,2,1800,800,4088,1957,13441,6702,22773,11602,27268,13826,23902,12084,18231,9248,13337,6820,8131,4101,43827,"[6252, 6270, 6602, 7946, 7878, 6297, 2582]",21234,"[3034, 3027, 3222, 3866, 3808, 2983, 1294]",243,110,252,139423,"[19978, 19834, 20871, 24665, 24737, 20460, 8878]",70397,"[10062, 9851, 10587, 12483, 12513, 10451, 4450]"
111,npc_dota_hero_oracle,Oracle,int,Ranged,"Support,Nuker,Disabler,Escape",/apps/dota2/images/dota_react/heroes/oracle.png?,/apps/dota2/images/dota_react/heroes/icons/oracle.png?,120,0.25,75,0.5,1,25,13,19,20,15,26,2.4,1.7,3.6,620,900,1.7,100,0.3,295,0.7,True,2,1800,800,4202,2040,13041,6524,19897,10243,23269,12303,20681,11009,14999,8018,9965,5313,5266,2758,49967,"[7281, 7294, 7661, 8737, 8889, 7089, 3016]",25919,"[3743, 3797, 3951, 4501, 4608, 3707, 1612]",110,48,118,118433,"[16906, 17314, 18237, 20435, 21143, 17198, 7200]",61777,"[8807, 9117, 9407, 10728, 10970, 9035, 3713]"
112,npc_dota_hero_winter_wyvern,Winter Wyvern,int,Ranged,"Support,Disabler,Nuker",/apps/dota2/images/dota_react/heroes/winter_wyvern.png?,/apps/dota2/images/dota_react/heroes/icons/winter_wyvern.png?,120,0.25,75,0.5,1,25,14,21,22,16,26,2.5,1.7,3.6,425,700,1.7,100,0.25,285,,True,2,1800,1200,7939,4034,25443,13160,34317,17814,36447,19049,29982,15668,20579,10821,14573,7751,8970,4771,60651,"[8919, 8632, 9011, 10622, 10800, 8832, 3835]",30985,"[4469, 4404, 4611, 5416, 5536, 4585, 1964]",182,90,182,190214,"[28607, 28129, 28352, 32385, 33007, 27696, 12038]",99204,"[14821, 14556, 14685, 16941, 17344, 14599, 6258]"
113,npc_dota_hero_arc_warden,Arc Warden,all,Ranged,"Carry,Escape,Nuker",/apps/dota2/images/dota_react/heroes/arc_warden.png?,/apps/dota2/images/dota_react/heroes/icons/arc_warden.png?,120,0.25,75,0.0,0,25,23,29,20,20,24,2.4,3.0,2.6,625,900,1.7,100,0.3,285,0.7,True,2,1800,800,4713,2207,11268,5368,12315,5948,11119,5484,8799,4332,5559,2733,3324,1573,1792,882,42582,"[6448, 6698, 6755, 7276, 7239, 5830, 2336]",19285,"[2836, 3050, 3033, 3313, 3304, 2665, 1084]",64,25,135,66799,"[10146, 9947, 10313, 11599, 11668, 9398, 3728]",32163,"[4772, 4773, 4944, 5631, 5629, 4594, 1820]"
114,npc_dota_hero_monkey_king,Monkey King,agi,Melee,"Carry,Escape,Disabler,Initiator",/apps/dota2/images/dota_react/heroes/monkey_king.png?,/apps/dota2/images/dota_react/heroes/icons/monkey_king.png?,120,1.0,75,0.0,2,25,29,33,19,24,20,2.8,3.7,1.8,300,900,1.7,100,0.45,300,,True,2,1800,800,15642,7228,38804,17607,50009,22810,55109,25504,48331,22828,34825,16775,24128,11641,15635,7720,124525,"[17801, 18290, 19481, 21475, 22171, 17863, 7444]",59180,"[8475, 8780, 9246, 10251, 10443, 8434, 3551]",407,204,595,307745,"[43159, 44242, 47252, 52768, 54520, 45775, 20029]",144023,"[20522, 21169, 22137, 24491, 25220, 21200, 9284]"
119,npc_dota_hero_dark_willow,Dark Willow,int,Ranged,"Support,Nuker,Disabler,Escape",/apps/dota2/images/dota_react/heroes/dark_willow.png?,/apps/dota2/images/dota_react/heroes/icons/dark_willow.png?,120,0.75,75,0.0,0,25,27,35,20,18,21,2.0,1.6,3.5,475,1200,1.5,115,0.3,290,0.7,True,2,1800,800,9511,4622,22982,10998,27712,13179,28458,13655,23971,11733,16998,8289,11761,5758,7274,3600,78342,"[11385, 11269, 12006, 13584, 14223, 11456, 4419]",37698,"[5463, 5337, 5827, 6398, 6930, 5641, 2102]",271,118,131,161182,"[23093, 23388, 24208, 28250, 28751, 23116, 10376]",77944,"[10983, 11354, 11778, 13705, 13933, 11165, 5026]"
120,npc_dota_hero_pangolier,Pangolier,all,Melee,"Carry,Nuker,Disabler,Durable,Escape,Initiator",/apps/dota2/images/dota_react/heroes/pangolier.png?,/apps/dota2/images/dota_react/heroes/icons/pangolier.png?,120,1.25,75,0.0,2,25,28,34,19,18,16,2.7,3.2,2.2,150,900,1.7,100,0.33,295,0.9,True,2,1800,800,3098,1403,8742,3955,13217,6007,15777,7242,16066,7517,13098,6118,10304,4814,7150,3306,31016,"[4473, 4505, 5148, 5525, 5387, 4318, 1660]",13587,"[1952, 1975, 2274, 2464, 2307, 1887, 728]",266,141,347,94320,"[13515, 13705, 15565, 16684, 16291, 13058, 5502]",43544,"[6229, 6303, 7236, 7637, 7539, 6023, 2577]"
121,npc_dota_hero_grimstroke,Grimstroke,int,Ranged,"Support,Nuker,Disabler,Escape",/apps/dota2/images/dota_react/heroes/grimstroke.png?,/apps/dota2/images/dota_react/heroes/icons/grimstroke.png?,120,0.25,75,0.0,0,25,21,25,21,18,25,2.4,1.9,3.8,600,900,1.7,100,0.35,290,,True,0,1800,800,5898,2917,17010,8489,23698,11886,25379,12582,21447,10734,13626,6789,7958,3869,3822,1905,47054,"[6816, 6887, 7072, 8152, 8518, 6911, 2698]",23359,"[3444, 3388, 3541, 3997, 4259, 3416, 1314]",166,77,74,128180,"[18525, 18713, 19033, 22333, 23079, 18510, 7987]",63795,"[9248, 9290, 9480, 11147, 11454, 9188, 3988]"
123,npc_dota_hero_hoodwink,Hoodwink,agi,Ranged,"Support,Nuker,Escape,Disabler",/apps/dota2/images/dota_react/heroes/hoodwink.png?,/apps/dota2/images/dota_react/heroes/icons/hoodwink.png?,120,0.25,75,0.0,0,25,22,29,17,25,21,2.0,3.6,2.9,575,1800,2.0,100,0.4,310,0.9,True,4,1800,800,11073,5182,28316,13162,35541,16439,36079,16639,28650,13160,18796,8625,11682,5495,6333,2993,91045,"[10996, 11272, 15789, 16587, 18548, 12863, 4990]",41567,"[4914, 5009, 7305, 7653, 8428, 5937, 2321]",183,87,47,191915,"[20095, 21542, 35621, 37043, 36641, 29281, 11692]",89041,"[9062, 9760, 16803, 17226, 17003, 13777, 5410]"
126,npc_dota_hero_void_spirit,Void Spirit,all,Melee,"Carry,Escape,Nuker,Disabler",/apps/dota2/images/dota_react/heroes/void_spirit.png?,/apps/dota2/images/dota_react/heroes/icons/void_spirit.png?,120,0.25,75,0.6,-1,25,22,26,22,19,24,2.6,2.2,3.1,200,900,1.7,100,0.35,290,0.7,True,2,1800,800,4188,2089,9784,4801,13284,6680,14600,7354,12568,6285,8615,4374,5586,2801,2729,1339,44569,"[6383, 6458, 6664, 7610, 8712, 6220, 2522]",21969,"[3096, 3177, 3276, 3783, 4336, 3084, 1217]",99,49,146,80329,"[11295, 11591, 12335, 14112, 14340, 11627, 5029]",40084,"[5643, 5767, 6129, 7161, 7149, 5719, 2516]"
128,npc_dota_hero_snapfire,Snapfire,all,Ranged,"Support,Nuker,Disabler,Escape",/apps/dota2/images/dota_react/heroes/snapfire.png?,/apps/dota2/images/dota_react/heroes/icons/snapfire.png?,120,0.75,75,0.0,1,25,25,31,21,16,21,3.5,1.9,2.2,400,1800,1.8,100,0.35,300,,True,2,1800,800,5518,2597,15476,7198,22785,10820,25755,12255,21655,10195,14205,6661,8958,4314,4480,2179,53689,"[7192, 7412, 8619, 9642, 9789, 7853, 3182]",24129,"[3197, 3329, 3901, 4301, 4488, 3489, 1424]",154,69,66,128985,"[16454, 17171, 20244, 23188, 23498, 19667, 8763]",61071,"[7758, 8043, 9699, 10982, 11111, 9266, 4212]"
129,npc_dota_hero_mars,Mars,str,Melee,"Carry,Initiator,Disabler,Durable",/apps/dota2/images/dota_react/heroes/mars.png?,/apps/dota2/images/dota_react/heroes/icons/mars.png?,120,0.25,75,0.5,-1,25,26,34,23,20,21,3.7,1.7,2.2,250,900,1.8,100,0.4,310,0.8,True,2,1800,800,5671,2623,18675,8833,32464,15494,43894,21356,44087,21277,34112,16391,24461,11686,15124,7293,67085,"[9407, 9571, 10524, 11944, 11835, 9655, 4149]",33290,"[4586, 4704, 5221, 5979, 5945, 4778, 2077]",425,193,267,231068,"[31738, 32612, 35531, 40649, 40592, 34506, 15440]",111167,"[14936, 15626, 17219, 19600, 19532, 16757, 7497]"
131,npc_dota_hero_ringmaster,Ringmaster,int,Ranged,"Support,Nuker,Escape,Disabler",/apps/dota2/images/dota_react/heroes/ringmaster.png?,/apps/dota2/images/dota_react/heroes/icons/ringmaster.png?,120,0.25,75,0.0,1,25,23,33,21,13,25,2.1,1.4,3.0,575,1200,1.7,100,0.5,310,0.6,True,2,1800,800,3628,1644,10911,5158,18092,8537,22155,10418,21493,10107,16974,8091,12798,6268,8386,4137,41132,"[5650, 5725, 6344, 7292, 7546, 6053, 2522]",18740,"[2551, 2608, 2865, 3297, 3538, 2731, 1150]",237,132,107,120173,"[15292, 15621, 18260, 21032, 22349, 19084, 8535]",57073,"[7315, 7423, 8617, 9978, 10627, 8994, 4119]"
135,npc_dota_hero_dawnbreaker,Dawnbreaker,str,Melee,"Carry,Durable",/apps/dota2/images/dota_react/heroes/dawnbreaker.png?,/apps/dota2/images/dota_react/heroes/icons/dawnbreaker.png?,120,0.5,75,0.0,2,25,29,33,25,14,20,3.4,1.7,2.0,150,900,1.7,100,0.46,300,0.6,True,2,1800,800,5192,2599,15986,8060,26196,13407,33222,16988,32706,16857,26020,13573,19528,10252,11595,5929,45369,"[6609, 6592, 6964, 7912, 8019, 6411, 2862]",22789,"[3336, 3314, 3443, 3968, 4031, 3268, 1429]",301,160,299,180760,"[25736, 26130, 27422, 31581, 31523, 26258, 12110]",92951,"[13097, 13165, 14136, 16384, 16347, 13620, 6202]"
136,npc_dota_hero_marci,Marci,all,Melee,"Support,Carry,Initiator,Disabler,Escape",/apps/dota2/images/dota_react/heroes/marci.png?,/apps/dota2/images/dota_react/heroes/icons/marci.png?,120,0.25,75,0.0,0,25,29,33,23,20,19,3.0,1.8,1.9,150,0,1.7,100,0.3,315,0.9,True,2,1800,800,8058,3746,19895,9149,27311,12704,30978,14342,28359,13102,21293,9751,14992,7059,9947,4633,64997,"[9489, 9698, 10526, 11337, 11404, 8937, 3606]",28659,"[4258, 4280, 4614, 4975, 4986, 3917, 1629]",240,122,210,175958,"[25713, 26006, 28566, 30679, 30244, 24396, 10354]",81620,"[11933, 12172, 13227, 14279, 13902, 11316, 4791]"
137,npc_dota_hero_primal_beast,Primal Beast,str,Melee,"Initiator,Durable,Disabler",/apps/dota2/images/dota_react/heroes/primal_beast.png?,/apps/dota2/images/dota_react/heroes/icons/primal_beast.png?,120,0.25,75,0.0,2,25,36,38,26,15,16,4.3,1.0,1.7,150,900,1.8,100,0.6,305,0.6,True,2,1800,800,3539,1606,9355,4425,12345,5775,13216,6162,11171,5277,7679,3598,5271,2558,3232,1529,38822,"[5048, 5381, 6605, 7229, 6841, 5524, 2194]",19061,"[2437, 2554, 3300, 3548, 3361, 2742, 1119]",129,55,115,73043,"[9038, 9384, 12896, 13742, 13158, 10442, 4383]",34351,"[4231, 4331, 6133, 6465, 6117, 4958, 2116]"
138,npc_dota_hero_muerta,Muerta,int,Ranged,"Carry,Nuker,Disabler",/apps/dota2/images/dota_react/heroes/muerta.png?,/apps/dota2/images/dota_react/heroes/icons/muerta.png?,120,0.25,75,0.0,0,25,24,32,19,20,23,2.0,2.7,3.4,575,3000,1.7,115,0.35,295,0.7,True,2,1800,800,7243,3462,16381,7833,22772,10882,27995,13362,28153,13493,21784,10315,16181,7725,10097,4751,74475,"[10844, 10800, 11638, 12944, 13265, 10548, 4436]",38399,"[5563, 5576, 5957, 6668, 6901, 5451, 2283]",376,193,200,162851,"[22828, 23285, 25157, 28474, 28866, 23718, 10523]",77878,"[10978, 11141, 11914, 13571, 13865, 11396, 5013]"
145,npc_dota_hero_kez,Kez,agi,Melee,"Carry,Escape,Disabler",/apps/dota2/images/dota_react/heroes/kez.png?,/apps/dota2/images/dota_react/heroes/icons/kez.png?,120,1.0,75,0.0,1,25,23,29,19,27,18,2.6,3.5,1.7,225,900,2.0,100,0.35,315,1.0,False,2,1800,800,6421,2986,15112,6844,18908,8458,21286,9475,18800,8358,14517,6670,10514,4910,5719,2628,65191,"[9186, 9415, 10304, 10912, 11167, 10243, 3964]",29450,"[4200, 4245, 4678, 5008, 5033, 4535, 1751]",20,8,29,121504,"[16694, 17236, 18990, 20373, 20527, 19615, 8069]",55060,"[7659, 7782, 8674, 9194, 9401, 8718, 3632]"
